Apelacja,Okręg,Typ,Nazwa sądu,Ulica,Kod pocztowy,Miejscowość,Telefon,Fax,E-mail,adres ePUAP
apelacja białostocka,,SA,Sąd Apelacyjny w Białymstoku,Mickiewicza 5,15-950,Białystok,(85) 743 07 27 , (85) 743 02 21,boi@bialystok.sa.gov.pl ,/4nd19vw3bh/SkrytkaESP
apelacja białostocka,okręg białostocki,SO,Sąd Okręgowy w Białymstoku,Skłodowskiej-Curie 1,15-950,Białystok,(85) 742 23 46,(85) 742 46 40,boi@bialystok.so.gov.pl,/g479f4jxiv/SkrytkaESP
apelacja białostocka,okręg białostocki,SR,Sąd Rejonowy w Białymstoku,Mickiewicza 103,15-950,Białystok,(85) 665 65 10,(85) 665 63 33,boi@bialystok.sr.gov.pl,/l29e5x6ulb/SkrytkaESP
apelacja białostocka,okręg białostocki,SR,Sąd Rejonowy w Bielsku Podlaskim,3 Maja  7,17-100,Bielsk Podlaski,"(85) 731 21 65, 731 21 67",(85) 731 21 08,boi@bielsk-podlaski.sr.gov.pl,/22l46ifngj/SkrytkaESP
apelacja białostocka,okręg białostocki,SR,Sąd Rejonowy w Sokółce,Piłsudskiego 7,16-100,Sokółka,(85) 81 12 300,(85) 711 41 29 wew. 305,boi@sokolka.sr.gov.pl,/srsokolka/SkrytkaESP
apelacja białostocka,okręg łomżyński,SO,Sąd Okręgowy w Łomży,Dworna 16,18-400,Łomża,(86) 216 62 81 do 84,(86) 216 67 53,boi@lomza.so.gov.pl,bu16j7x9bp
apelacja białostocka,okręg łomżyński,SR,Sąd Rejonowy w Grajewie,Kolejowa 1,19-200 ,Grajewo,(86) 272 25 25,(86) 272 23 61,administracja@grajewo.sr.gov.pl,/SR-Grajewo/SkrytkaESP
apelacja białostocka,okręg łomżyński,SR,Sąd Rejonowy w Łomży,Polowa 1,18-400,Łomża,(86) 215 09 22,(86) 215 09 60,boi@lomza.sr.gov.pl,eo1045cgoc
apelacja białostocka,okręg łomżyński,SR,Sąd Rejonowy w Zambrowie,Al. Wojska Polskiego 56,18-300,Zambrów,(86) 271 31 07,(86) 271 31 07 wew. 0,administracja@zambrow.sr.gov.pl,/ZambrowSR/
apelacja białostocka,okręg łomżyński,SR,Sąd Rejonowy w Wysokiem Mazowieckiem,Ludowa 44,18-200,Wysokie Mazowieckie,(86) 477 02 30,(86) 477 02 30 w. 48,administracja@wysmaz.sr.gov.pl,0xb7mgg41w
apelacja białostocka,okręg olsztyński,SO,Sąd Okręgowy w Olsztynie,Dąbrowszczaków 44A,10-543,Olsztyn,(89) 521 61 84,(89) 521 60 14,"
boi@olsztyn.so.gov.pl
",/SadOkregowyOlsztyn/SkrytkaESP
apelacja białostocka,okręg olsztyński,SR,Sąd Rejonowy w Bartoszycach,Warszawska 7,11-200,Bartoszyce,(89) 762 22 96,(89) 762 28 54,boi@bartoszyce.sr.gov.pl,/SRBartoszyce/SkrytkaESP
apelacja białostocka,okręg olsztyński,SR,Sąd Rejonowy w Biskupcu,Sądowa 4 i 2,11-300,Biskupiec,(89) 715 23 10,(89) 715 46 86,boi@biskupiec.sr.gov.pl ,/Sad_Rejonowy_w_Biskupcu/SkrytkaESP
apelacja białostocka,okręg olsztyński,SR,Sąd Rejonowy w Giżycku,Warszawska 28,11-500,Giżycko,(87) 429 82 21,(87) 429 82 00,punkt.obsługi@gizycko.sr.gov.pl,/srgizycko/SkrytkaESP
apelacja białostocka,okręg olsztyński,SR,Sąd Rejonowy w Kętrzynie,Sikorskiego 66,11-400 ,Kętrzyn,(89) 751 76 06,(89) 751 42 10,boi@ketrzyn.sr.gov.pl,/SRKetrzyn/skrytkaESP
apelacja białostocka,okręg olsztyński,SR,Sąd Rejonowy w Lidzbarku Warmińskim,Bartoszycka 4a,11-100,Lidzbark Warmiński,(89) 767 83 00,(89) 767 83 01,podawcze@lidzbarkwarminski.sr.gov.pl,/srlidzbark/SkrytkaESP/
apelacja białostocka,okręg olsztyński,SR,Sąd Rejonowy w Mrągowie,Królewiecka 55,11-700,Mrągowo,(89) 741 30 87,(89) 741 30 59,boi.mragowo@olsztyn.so.gov.pl,/srmragowo/SkrytkaESP
apelacja białostocka,okręg olsztyński,SR,Sąd Rejonowy w Nidzicy,Kościuszki 15 ,13-100,Nidzica,(89) 521 59 59,(89) 521 59 63,poi@nidzica.sr.gov.pl,/SRNidzica/SkrytkaESP
apelacja białostocka,okręg olsztyński,SR,Sąd Rejonowy w Olsztynie,Dąbrowszczaków 44,10-543,Olsztyn,(89) 52 30 280,(89) 523 02 41,boi.srolsztyn@olsztyn.sr.gov.pl ,/SR_Olsztyn/SkrytkaESP
apelacja białostocka,okręg olsztyński,SR,Sąd Rejonowy w Piszu,Warszawska 47,11-200,Pisz,(87) 424 13 00,(87) 424 13 04,boi@pisz.sr.gov.pl,/SR_Pisz/domyslna
apelacja białostocka,okręg olsztyński,SR,Sąd Rejonowy w Szczytnie,Sienkiewicza 8,12-100,Szczytno,(89) 624 71 13,(89) 624 71 09,obsluga.interesantow@szczytno.sr.gov.pl,/SR_SZCZYTNO/SkrytkaESP
apelacja białostocka,okręg ostrołęcki,SO,Sąd Okręgowy w Ostrołęce,Gomulickiego 5,07-410,Ostrołęka,"(29) 765 01 28, 765 01 12",(29) 765 01 84,boi@ostroleka.so.gov.pl,/SO_Ostroleka/SkrytkaESP
apelacja białostocka,okręg ostrołęcki,SR,Sąd Rejonowy w Ostrołęce,Mazowiecka 3,07-410,Ostrołęka,"(29) 765 44 00, (29) 765 44 01",(29) 765 44 38,boi@ostroleka.sr.gov.pl,/SROstroleka/skrytkaESP
apelacja białostocka,okręg ostrołęcki,SR,Sąd Rejonowy w Ostrowi Mazowieckiej,Prusa 2,07-300,Ostrów Mazowiecka,(29) 746 89 35,(29) 746 89 46,boi@ostrowmaz.sr.gov.pl,/sadostrowmaz/SkrytkaESP
apelacja białostocka,okręg ostrołęcki,SR,Sąd Rejonowy w Przasnyszu,Świerkowa 7,06-300,Przasnysz,(29) 752 13 12,(29) 752 13 02,boi@przasnysz.sr.gov.pl,/0hh4au8k92/SkrytkaESP
apelacja białostocka,okręg ostrołęcki,SR,Sąd Rejonowy w Pułtusku,Rynek  37,06-100,Pułtusk,(23) 692 99 70,(23) 692 99 98,biuro.podawcze@pultusk.sr.gov.pl,/338btmc5l1/SkrytkaESP
apelacja białostocka,okręg ostrołęcki,SR,Sąd Rejonowy w Wyszkowie,Kościuszki 50,07-200 ,Wyszków,(29) 742 38 01,(29) 742 38 08 wew. 209,boi@wyszkow.sr.gov.pl,/SRWyszkow/SkrytkaESP
apelacja białostocka,okręg suwalski,SO,Sąd Okręgowy w Suwałkach,Waryńskiego 45,16-400,Suwałki,(87) 563 12 48,wycofany,boi@suwalki.so.gov.pl,/8k422njtax/SkrytkaESP
apelacja białostocka,okręg suwalski,SR,Sąd Rejonowy w Augustowie,Młyńska 59 ,16-300 ,Augustów,(87) 643 84 30,wycofany,poi@augustow.sr.gov.pl ,/tqv6cd699v/skrytka
apelacja białostocka,okręg suwalski,SR,Sąd Rejonowy w Ełku,Małeckich 4,19-300,Ełk,(87) 629 03 14,(87) 629 03 09,boi@elk.sr.gov.pl,/SRELK//SkrytkaESP
apelacja białostocka,okręg suwalski,SR,Sąd Rejonowy w Olecku,Osiedle Siejnik I 18,19-400,Olecko,(87) 523 06 50,(87) 523 06 99,boi@olecko.sr.gov.pl,/srolecko/SkrytkaESP
apelacja białostocka,okręg suwalski,SR,Sąd Rejonowy w Suwałkach,Waryńskiego 45,16-400,Suwałki,(87) 563 54 44,(87) 739 60 18,boi@suwalki.sr.gov.pl,/88l6i5ihy6/skrytka
apelacja gdańska,,SA,Sąd Apelacyjny w Gdańsku,Nowe Ogrody 28/29,80-803,Gdańsk,"(58) 323 85 41 (sprawy karne),              (58) 323 85 24 (sprawy cywilne),         (58) 323 85 82 (sprawy dot. prawa pracy i ubezpieczeń społecznych) ",(58) 302 97 22,boi@gdansk.sa.gov.pl,/v08xtmx90p/SkrytkaESP
apelacja gdańska,okręg bydgoski,SO,Sąd Okręgowy w Bydgoszczy,Wały Jagiellońskie 2,85-131,Bydgoszcz,(52) 325 31 00,wycofany,boi@bydgoszcz.so.gov.pl,tckvk3637b
apelacja gdańska,okręg bydgoski,SR,Sąd Rejonowy w Bydgoszczy,Wały Jagiellońskie 4,85-131,Bydgoszcz,(52) 587 85 00,wycofany,boi@bydgoszcz.sr.gov.pl,rls3138evy
apelacja gdańska,okręg bydgoski,SR,Sąd Rejonowy w Inowrocławiu,Narutowicza 42,88-100,Inowrocław,"(52) 359 26 20, (52) 359 26 21","(52) 359 26 30, (52) 359 26 58",boi@inowroclaw.sr.gov.pl,53qy8x9twv
apelacja gdańska,okręg bydgoski,SR,Sąd Rejonowy w Mogilnie,Sądowa 21,88-300,Mogilno,(52) 315 97 00,wycofany,administracja@mogilno.sr.gov.pl,f53jx4c3yq
apelacja gdańska,okręg bydgoski,SR,Sąd Rejonowy w Nakle nad Notecią,Sądowa 3,89-100,Nakło nad Notecią,(52) 386 78 00,wycofany,sad@naklo.sr.gov.pl,406hdoq0dv
apelacja gdańska,okręg bydgoski,SR,Sąd Rejonowy w Szubinie ,Pl. Wolności 4 ,89-200,Szubin,(52) 391 01 30,wycofany,sad@szubin.sr.gov.pl,hk98c09mx5
apelacja gdańska,okręg bydgoski,SR,Sąd Rejonowy w Świeciu,Sądowa  12,86-100,Świecie,(52) 333 28 01,wycofany,poi@swiecie.sr.gov.pl,mwgyj9922p
apelacja gdańska,okręg bydgoski,SR,Sąd Rejonowy w Tucholi,Świecka 28,89-500,Tuchola,(52) 336 04 00 do 02,wycofany,sad@tuchola.sr.gov.pl,43f4w5gpsu
apelacja gdańska,okręg bydgoski,SR,Sąd Rejonowy w Żninie,Pl. Wolności 17,88-400,Żnin,(52) 303 37 12,wycofany,administracja@znin.sr.gov.pl,h3664updjf
apelacja gdańska,okręg elbląski,SO,Sąd Okręgowy w Elblągu,"Pl. Konstytucji 1 (wydziały karne),       Płk. Dąbka 21    (wydziały cywilne)",82-300,Elbląg,"(55) 611 24 00, (55) 62 90 900",wycofany,"so.elblag@elblag.so.gov.pl; boi.cywilny@elblag.so.gov.pl, boi.karny@elbląg.so.gov.pl",4394kbkoml
apelacja gdańska,okręg elbląski,SR,Sąd Rejonowy w Braniewie,Sądowa 1 ,14-500,Braniewo,"(55) 646 52 52 sprawy karne, windykacja należności sądowych, księgi wieczyste;                                                 (55) 646 52 51 sprawy cywilne, rodzinne i nieletnich.",wycofany,boi@braniewo.sr.gov.pl,f641a4vrx4
apelacja gdańska,okręg elbląski,SR,Sąd Rejonowy w Działdowie,Jagiełły 31,13-200,Działdowo,(23) 697 07 88,wycofany,srdzialdowo@dzialdowo.sr.gov.pl, /srdzwo/SkrytkaESP 
apelacja gdańska,okręg elbląski,SR,Sąd Rejonowy w Elblągu,"Pl. Konstytucji 1 (wydziały karne),              Płk. Dąbka 21    (wydziały cywilne)",82-300,Elbląg,"(55) 611 28 00, (55) 611 25 00",(55) 611 28 44,boi@elblag.sr.gov.pl ,/6248djojjk/SkrytkaESP
apelacja gdańska,okręg elbląski,SR,Sąd Rejonowy w Iławie,Kopernika 4B,14-200,Iława,(89) 644 57 00,wycofany,boi@ilawa.sr.gov.pl,/925aohb2pz/skrytka
apelacja gdańska,okręg elbląski,SR,Sąd Rejonowy w Nowym Mieście Lubawskim,Grunwaldzka 28,13-300,Nowe Miasto Lubawskie,"(56) 472 61 20, (56) 472 61 21",wycofano,boi@nowemiastolubawskie.sr.gov.pl,sp3037nbnh/skrytka
apelacja gdańska,okręg elbląski,SR,Sąd Rejonowy w Ostródzie,Jana III Sobieskiego 12,14-100,Ostróda,"(89) 642 55 00, (89) 642 55 01",wycofany,boi@ostroda.sr.gov.pl,9uprbj400t
apelacja gdańska,okręg gdański,SO,Sąd Okręgowy w Gdańsku,"Nowe Ogrody 30/34,                               3 Maja 9A","80-803   Nowe Ogrody,             80-802           3 Maja",Gdańsk,"(58) 32-13-268, (58) 32-13-269,
(58) 32-13-322, (58) 32-13-129 (Nowe Ogrody);                                               (58) 32-42-813, (58) 32-42-842 (3 Maja)",(58) 321 31 04,"informacja@gdansk.so.gov.pl (Nowe Ogrody), informacja3maja@gdansk.so.gov.pl (3 Maja)",/b5501hxtde/skrytka
apelacja gdańska,okręg gdański,SR,Sąd Rejonowy Gdańsk-Południe w Gdańsku,3 Maja 9a,80-802,Gdańsk,"(58) 32 42 550  sprawy cywilne, pracy i ubezpieczeń społecznych, karne;
(58) 32 42 548  sprawy rodzinne;
  ",wycofany,boi@gdansk-poludnie.sr.gov.pl,SRGDPLD/SKRZYNKA ESP
apelacja gdańska,okręg gdański,SR,Sąd Rejonowy Gdańsk-Północ w Gdańsku,Piekarnicza 10,80-126,Gdańsk,(58) 321 37 00,wycofany,informacja.srgdapn@gdansk-polnoc.sr.gov.pl,                 /pfm3144und/
apelacja gdańska,okręg gdański,SR,Sąd Rejonowy w Gdyni,plac Konstytucji 5,81-354,Gdynia,(58) 76 56 231;(58) 76 56 232,(58) 661 21 55,administracja@gdynia.sr.gov.pl,/urv3m50r0j/SkrytkaESP
apelacja gdańska,okręg gdański,SR,Sąd Rejonowy w Kartuzach,Kościuszki 1,83-300,Kartuzy,"(58) 779 68 14, (58) 779 68 15,            (58) 779 68 16",wycofany,boi@kartuzy.sr.gov.pl,/b04b5hyg6s/SkrytkaESP
apelacja gdańska,okręg gdański,SR,Sąd Rejonowy w Kościerzynie,Dworcowa  2 ,83-400 ,Kościerzyna,"(58) 772 43 50 sprawy cywilne, rodzinne,
(58) 772 44 50 sprawy karne",wycofany,administracja@koscierzyna.sr.gov.pl,/SRKOSCIERZYNA/SkrytkaESP
apelacja gdańska,okręg gdański,SR,Sąd Rejonowy w Kwidzynie,Pl. Plebiscytowy 1 ,82-500,Kwidzyn,"(55) 262 45 49, (55) 262 45 31",wycofany,boi@kwidzyn.sr.gov.pl,6r0y7k7yvk/skrytkaESP
apelacja gdańska,okręg gdański,SR,Sąd Rejonowy w Malborku,17 Marca 3,82-200,Malbork,"(55) 647 07 00, (55) 647 07 01",(55) 647 07 04,boi@malbork.sr.gov.pl,341rj0edtm
apelacja gdańska,okręg gdański,SR,Sąd Rejonowy w Sopocie,1 Maja 10,81-828,Sopot,(58) 554 98 00,"(58) 554 98 26 (dla potrzeb ""stałego dyżuru"")",boi@sopot.sr.gov.pl,/428t3yquus/SkrytkaESP
apelacja gdańska,okręg gdański,SR,Sąd Rejonowy w Starogardzie Gdańskim,Kościuszki 30,83-200,Starogard Gdański,(58) 777 50 50,wycofany,boi@starogard-gd.sr.gov.pl,/79u9p7asgr/skrytka
apelacja gdańska,okręg gdański,SR,Sąd Rejonowy w Tczewie,al. Zwycięstwa 14,83-110,Tczew,"(58) 778 50 01 sprawy karne,              (58) 778 50 02 sprawy cywilne, rodzinne i nieletnich,                                             (58) 778 50 03 sprawy ksiąg wieczystych            ",(58) 778 50 09,boi-cywilne@tczew.sr.gov.pl boi-karne@tczew.sr.gov.pl,ccywf5667l
apelacja gdańska,okręg gdański,SR,Sąd Rejonowy w Wejherowie,Wniebowstąpienia  4,84-200,Wejherowo,"(58) 672 89 89 sprawy karne, rodzinne i nieletnich, wykonania orzeczeń,            (58) 672 88 71 sprawy cywilne,         (58) 672 88 80 księgi wieczyste",(58) 672 88 93,informacja@wejherowo.sr.gov.pl,/5s0s9w4ygc/SkrytkaESP
apelacja gdańska,okręg słupski,SO,Sąd Okręgowy w Słupsku,Zamenhofa 7,76-200 ,Słupsk,"(59) 846 94 28, (59) 846 95 65 ",wycofany,boi@slupsk.so.gov.pl,/21pdbm3l2w/skrytka
apelacja gdańska,okręg słupski,SR,Sąd Rejonowy  w Słupsku,Szarych Szeregów 13,76-200,Słupsk,"(59) 846 92 06, (59) 846 92 07 sprawy cywilne, gospodarcze, pracy i ubezpieczeń, sprawy rodzinne i nieletnich,                                               (59) 846 92 22, (59) 846 92 23  sprawy karne, wykroczeniowe",(59) 842 00 39,boi.cywilne@slupsk.sr.gov.pl boi.karne@slupsk.sr.gov.pl,7gpj08r7tu
apelacja gdańska,okręg słupski,SR,Sąd Rejonowy w Lęborku,Pl. Kopernika 4,84-300,Lębork,(59) 863 68 60,wycofany,boi@lebork.sr.gov.pl,/eglg7i300f/skrytka
apelacja gdańska,okręg słupski,SR,Sąd Rejonowy w Chojnicach,Młyńska 30,89-600,Chojnice,"(52) 395 27 93, (52) 395 27 92, ",(52) 39 52 843,boi@chojnice.sr.gov.pl,5g2v32loj6
apelacja gdańska,okręg słupski,SR,Sąd Rejonowy w Miastku,Armii Krajowej 30,77-200,Miastko,(59) 858 71 00,(59) 858 71 14,administracja@miastko.sr.gov.pl,/0562jtcut5/SkrytkaESP
apelacja gdańska,okręg słupski,SR,Sąd Rejonowy w Bytowie,Zamkowa 1,77-100,Bytów,(59) 822 79 99,(59) 822 35 56,administracja@bytow.sr.gov.pl,/wi2a48l5b2/SkrytkaESP
apelacja gdańska,okręg słupski,SR,Sąd Rejonowy w Człuchowie,Szczecińska 1,77-300,Człuchów,(59) 834 69 94,(59) 834 69 80,informacja@czluchow.sr.gov.pl,x6mu83r6e4
apelacja gdańska,okręg toruński,SO,Sąd Okręgowy w Toruniu,Piekary 51,87-100,Toruń,"(56) 610 55 51, (56) 610 55 52,            (56) 610 55 53",(56) 655 57 06,boi@torun.so.gov.pl,/ovsb89m82p/skrytka  /ovsb89m82p/SkrytkaESP
apelacja gdańska,okręg toruński,SR,Sąd Rejonowy w Brodnicy,Sądowa 5,87-300,Brodnica,(56) 494 17 09,wycofany,boi@brodnica.sr.gov.pl,/f16it3e3hs/Skrytka ESP
apelacja gdańska,okręg toruński,SR,Sąd Rejonowy w Chełmnie,Toruńska 3,86-200,Chełmno,(56) 677 02 00,wycofany,boi@chelmno.sr.gov.pl,1van85iw0m
apelacja gdańska,okręg toruński,SR,Sąd Rejonowy w Golubiu Dobrzyniu,Kościelna 23/25,87-400,Golub-Dobrzyń,(56) 682 35 01,wycofany,sr@golubdobrzyn.sr.gov.pl,/ubw80h3f0g/SkrytkaESP 
apelacja gdańska,okręg toruński,SR,Sąd Rejonowy w Grudziądzu,Sikorskiego 19/23,86-300,Grudziądz,(56) 450 05 900,wycofany,administracja@grudziadz.sr.gov.pl,/l463orw1ko/SkrytkaESP
apelacja gdańska,okręg toruński,SR,Sąd Rejonowy w Wąbrzeźnie ,Wolności 19,87-200,Wąbrzeźno,(56) 689 06 00,wycofany,srw@wabrzezno.sr.gov.pl,an1s86v6wv
apelacja gdańska,okręg toruński,SR,Sąd Rejonowy w Toruniu,W. Warneńczyka 1,87-100,Toruń,(56) 67 76 000,(56) 610 57 90,boi@torun.sr.gov.pl,/4366rhdvkf/SkrytkaESP
apelacja gdańska,okręg włocławski,SO,Sąd Okręgowy we Włocławku,Żeromskiego 28,87-800,Włocławek,"(54)  23 18 570, (54) 23 18 571",wycofany,boi@wloclawek.so.gov.pl,qo08g14hpn
apelacja gdańska,okręg włocławski,SR,Sąd Rejonowy w Aleksandrowie Kujawskim,Narutowicza 16,87-700,Aleksandrów Kujawski,(54) 282 24 24,wycofany,mail@aleksandrowkuj.sr.gov.pl,/SRALEKS/SkrytkaESP
apelacja gdańska,okręg włocławski,SR,Sąd Rejonowy w Lipnie,Piłsudskiego 15/17,87-600,Lipno,(54) 287 22 05,wycofany,srlipno@lipno.sr.gov.pl, /e2f80s3vdm/SkrytkaESP
apelacja gdańska,okręg włocławski,SR,Sąd Rejonowy w Radziejowie,Brzeska 20,88-200,Radziejów,"(54) 285 36 21, (54) 285 36 22 w.100",wycofany,boi@radziejow.sr.gov.pl,/SRRADZIEJOW/SkrytkaESP
apelacja gdańska,okręg włocławski,SR,Sąd Rejonowy w Rypinie,Warszawska 42,87-500 ,Rypin,(54) 280 24 58,wycofany,srrypin@rypin.sr.gov.pl,/SR_Rypin/SkrytkaESP
apelacja gdańska,okręg włocławski,SR,Sąd Rejonowy we Włocławku,Kilińskiego 20,87-800,Włocławek,(54) 422 26 00,wycofany,srwloclawek@wloclawek.sr.gov.pl,/srwloc/SkrytkaESP
apelacja katowicka,,SA,Sąd Apelacyjny w Katowicach,Al. Korfantego 117/119,40-156,Katowice,"(32) 200 45 83, (32) 200 46 98",wycofany,informacja@katowice.sa.gov.pl,/q2cb7n22ov/skrytka
apelacja katowicka,okręg bielski,SO,Sąd Okręgowy w Bielsku-Białej    ,Cieszyńska 10 ,43-300,Bielsko-Biała,"(33) 499 04 80, (33) 499 03 92",wycofany,informacja@bielsko-biala.so.gov.pl ,/4h375ehquf/SkrytkaESP
apelacja katowicka,okręg bielski,SR,Sąd Rejonowy w Bielsku-Białej,Mickiewicza 22,43-300,Bielsko-Biała,(33) 499 78 26,(33) 499 78 01,informacja@bielsko-biala.sr.gov.pl,/l20t4mq0hl/SkrytkaESP
apelacja katowicka,okręg bielski,SR,Sąd Rejonowy Cieszynie,Garncarska 8,43-400,Cieszyn,"(33) 479 46 06, 479 47 06",wycofany,punkt.informacyjny@cieszyn.sr.gov.pl,/sadcieszyn/skrytkaESP
apelacja katowicka,okręg bielski,SR,Sąd Rejonowy w Żywcu,Kościuszki 39,34-300,Żywiec,"(33) 475 12 01 sprawy cywilne,         (33) 475 12 02 sprawy karne",wycofany,"boicywilny@zywiec.sr.gov.pl, boikarny@zywiec.sr.gov.pl",/srzywiec/SkrytkaESP
apelacja katowicka,okręg częstochowski,SO,Sąd Okręgowy w  Częstochowie,Dąbrowskiego 23/35,42-200,Częstochowa,(34) 368 46 66,wycofany,boi@czestochowa.so.gov.pl,/w9rv52dy3e/skrytka
apelacja katowicka,okręg częstochowski,SR,Sąd Rejonowy w Częstochowie ,"Dąbrowskiego 23/35 (wydziały cywilne, VIII Wydział Gospodarczy), 
św. Rocha 90        
",42-202                         ,Częstochowa                  ,"(34) 36 84 444 ul. Dąbrowskiego 23/35; 
(34) 31 60 300 ul. św. Rocha 90",wycofany,sad_rejonowy@czestochowa.sr.gov.pl, /tgev48l88b/skrytka
apelacja katowicka,okręg częstochowski,SR,Sąd Rejonowy w Lublińcu,Sądowa 3,42-700,Lubliniec,"(34) 351 51 56, (34) 351-51-54,
(34) 351-51-30,",wycofany,boi@lubliniec.sr.gov.pl,/dlmq7l1372/SkrytkaESP
apelacja katowicka,okręg częstochowski,SR,Sąd Rejonowy w Myszkowie,Kwiatkowskiego 2,42-300,Myszków,"(34) 315 98 00, 315 98 01, 315 98 02",wycofany,boi@myszkow.sr.gov.pl,c74q6bqu3t
apelacja katowicka,okręg gliwicki,SO,Sąd Okręgowy w Gliwicach,Kościuszki 15,44-100,Gliwice,(32) 33 80 od 114 do118,wycofany,boi@gliwice.so.gov.pl,/8rx8t4hh57/SkrytkaESP
apelacja katowicka,okręg gliwicki,SR,Sąd Rejonowy w Gliwicach,Powstańców Warszawy 23,44-101,Gliwice,"(32) 33 87 795, (32)  33 87 500,          (32) 33 87 460, (32)  33 87 756, (32) 33 87 600, (32) 33 87 663",wycofany,boi@gliwice.sr.gov.pl,/vebd2711cu/SkrytkaESP
apelacja katowicka,okręg gliwicki,SR,Sąd Rejonowy w Rudzie Śląskiej,Bukowa 5A  ,41-700,Ruda Śląska,"(32) 438 11 05, (32) 438 11 06,           (32) 438 11 07",wycofany,boi@ruda-slaska.sr.gov.pl,/702q7fpiu1/SkrytkaESP
apelacja katowicka,okręg gliwicki,SR,Sąd Rejonowy w Tarnowskich Górach,Opolska 17,42-600,Tarnowiskie Góry,"(32) 381 83 10, (32) 381 83 64",wycofany,boi@tgory.sr.gov.pl,4f3hoqf24y
apelacja katowicka,okręg gliwicki,SR,Sąd Rejonowy w Zabrzu,3 Maja 21,41-800,Zabrze,"(32) 37 35 831,
(32) 37 35 832,
(32) 37 35 833",wycofany,informacja@zabrze.sr.gov.pl,3715srqlyg
apelacja katowicka,okręg rybnicki,SO,Sąd Okręgowy w Rybniku,Piłsudskiego 33,44-200,Rybnik,"(32) 78 40 581, (32) 78 40 582,         (32) 78 40 583",wycofany,boi@rybnik.so.gov.pl,r2zikh8zq3
apelacja katowicka,okręg rybnicki,SR,Sąd Rejonowy w Jastrzębiu-Zdroju,Stanisława Staszica 3,44-330,Jastrzębie-Zdrój,"(32) 47 87 400, (32)  47 87 411",wycofany,jastrzebie@jastrzebie.sr.gov.pl,/46c36ksdoy/SkrytkaESP
apelacja katowicka,okręg rybnicki,SR,Sąd Rejonowy w Raciborzu,Nowa 29,47-400,Racibórz,"(32) 45 94 622, (32) 45 94 600",wycofany,administracja@raciborz.sr.gov.pl,uh9esk803d
apelacja katowicka,okręg rybnicki,SR,Sąd Rejonowy w Rybniku,"Pl. Kopernika 2 (Biuro Podawcze, Czytelnia, Biuro Obsługi Ineteresantów, I Cywilny, III Karny, IV Rodzinny i Nieletnich),                                        Rynek 13 (V Pracy i Ubezpieczeń Społecznych, VI Gospodarczy, I i II Zespół Kuratorskiej Służby Sądowej), Zamkowa 3(VII Ksiąg Wieczystych) ",44-200,Rybnik,"(32) 43 93 107, (32) 43 93 108, (32) 43 93 193",wycofany,biuro.podawcze@rybnik.sr.gov.pl,xw552io2bm
apelacja katowicka,okręg rybnicki,SR,Sąd Rejonowy w Wodzisławiu Śląskim,"Sądowa 3 (sprawy cywilne i karne);    26 Marca 44 (sprawy rodzinne i nieletnich, księgi wieczyste)",44-300,Wodzisław Śląski,"(32) 459 14 19 sprawy cywilne i karne, (32) 459 14 30 sprawy rodzinne i nieletnich,                                               (32) 459 14 44 księgi wieczyste ",wycofany,wodzisław@wodzislaw.sr.gov.pl,srt4ev054e
apelacja katowicka,okręg rybnicki,SR,Sąd Rejonowy w Żorach,Al. Jana Pawła II 15,44-240,Żory,(32) 475 96 00 ,wycofany,sad@zory.sr.gov.pl,dn16ilq661
apelacja katowicka,okręg katowicki,SO,Sąd Okręgowy w Katowicach,"Francuska 38 (sprawy cywilne, pracy i ubezpieczeń społecznych, rodzinne i gospodarcze);                                         Andrzeja 16/18 (sprawy karne)",40-028,Katowice,(32) 607 06 60 ,wycofany,informacja@katowice.so.gov.pl,/60m40okgjh/SkrytkaESP
apelacja katowicka,okręg katowicki,SR,Sąd Rejonowy w Bytomiu ,Piekarska  1,41-902,Bytom,(32) 38 89 od 101 do 103,wycofany,informacja@bytom.sr.gov.pl,6me5l0p9vj
apelacja katowicka,okręg katowicki,SR,Sąd Rejonowy w Chorzowie,dr Józefa Rostka 2,41-500,Chorzów,(32) 349 94 45,wycofany,boi@chorzow.sr.gov.pl,/2y368jhnlx/SkrytkaESP
apelacja katowicka,okręg katowicki,SR,Sąd Rejonowy Katowice-Wschód w Katowicach,"Lompy 14,                                        Francuska 70A (BOI)","40-040,                    40-028 ",Katowice,"(32) 604 79 87,  604 79 88",wycofany,poi@katowice-wschod.sr.gov.pl,1bq270llpi
apelacja katowicka,okręg katowicki,SR,Sąd Rejonowy Katowice-Zachód w Katowicach ,"Pl. Wolności 10 (pion karny),                  ul. Warszawska 45 (pion cywilny)","40-078,                          40-010",Katowice,"(32) 604 77 31 pion karny,                    (32) 604 75 81 pion cywilny",wycofany,"boi.karny@katowice-zachod.sr.gov.pl,  boi.cywilny@katowice-zachod.sr.gov.pl",vd2x9n9h1q
apelacja katowicka,okręg katowicki,SR,Sąd Rejonowy w Mikołowie,Ks.Kard.St. Wyszyńskiego 12/14,43-190,Mikołów,"(32) 784 61 00 sprawy karne, rodzinne;
(32) 784 62 00 sprawy cywilne, prawa pracy;
(32) 784 62 14 księgi wieczyste",wycofany,informacja@mikolow.sr.gov.pl,dkh3vy196g
apelacja katowicka,okręg katowicki,SR,Sąd Rejonowy w Mysłowicach,Krakowska 2,41-400,Mysłowice,(32) 317 41 29,(32) 317 41 53,poi@myslowice.sr.gov.pl,/5dvg34r6hm/SkrytkaESP
apelacja katowicka,okręg katowicki,SR,Sąd Rejonowy w Pszczynie, ks. bp. Bogedaina 14,43-200,Pszczyna,(32) 449 41 00,wycofany,informacja@pszczyna.sr.gov.pl,/6bheee357j/SkrytkaESP
apelacja katowicka,okręg katowicki,SR,Sąd Rejonowy w Siemianowicach Śląskich,Chorzowska 14,41-100,Siemianowice Śląskie,(32) 766 43 10   ,wycofany,boi@siemianowice.sr.gov.pl,ba04mcg39f
apelacja katowicka,okręg katowicki,SR,Sąd Rejonowy w Tychach,Budowlanych 33,43-100,Tychy,"(32) 323 31 05, (32) 323 31 06",(32) 438 68 69,informacja@tychy.sr.gov.pl,/o2g50b0uoy/SkrytkaESP
apelacja katowicka,okręg sosnowiecki,SO,Sąd Okręgowy w Sosnowcu,"Żeromskiego 3 (sprawy karne)                        Teatralna 9 (sprawy cywilne, rodzinne, pracy i ubezpieczeń społecznych)","41-205,                   41-200",Sosnowiec,"(32) 36 87 303,  (32) 36 87 304 sprawy karne;                                                         (32) 36 87 403, (32) 36 87 404 sprawy cywilne, rodzinne, pracy i ubezpieczeń społecznych",wycofany,"boi.cywilny@sosnowiec.so.gov.pl, boi.karny@sosnowiec.so.gov.pl",/SO-Sosnowiec/SkrytkaESP   
apelacja katowicka,okręg sosnowiecki,SR,Sąd Rejonowy w Będzinie,Jana Sączewskiego 23 ,42-500,Będzin,(32) 368 81 88,wycofany,boi@bedzin.sr.gov.pl,/hu06n07joy/SkrytkaESP
apelacja katowicka,okręg sosnowiecki,SR,Sąd Rejonowy w Czeladzi,Kombatantów 4,41-250,Czeladź ,(32) 36 80 503,,boi@czeladz.sr.gov.pl,/SR-Czeladz/SkrytkaESP
apelacja katowicka,okręg sosnowiecki,SR,Sąd Rejonowy w Dąbrowie Górniczej,Graniczna 23,41-300,Dąbrowa Górnicza,(32) 295 94 50,wycofany,boi@dabrowag.sr.gov.pl,j56c61sbtj
apelacja katowicka,okręg sosnowiecki,SR,Sąd Rejonowy w Jaworznie,Grunwaldzka 28,43-600,Jaworzno,"(32) 758 62 00, 75 86 157, 75 86 244 ",wycofany,boi@jaworzno.sr.gov.pl,/d57n6lgx05/SkrytkaESP
apelacja katowicka,okręg sosnowiecki,SR,Sąd Rejonowy w Sosnowcu,"1 Maja 19,                                         Kaliska 7",41-200,Sosnowiec,"(32) 296 18 04, (32) 296 62 82",wycofany,informacja@sosnowiec.sr.gov.pl,24jx51rrdv
apelacja katowicka,okręg sosnowiecki,SR,Sąd Rejonowy w Zawierciu,Leśna 4                     ,42-400,Zawiercie,(32) 649 79 06,wycofany,boi@zawiercie.sr.gov.pl,00mvd5m2pg
apelacja krakowska,,SA,Sąd Apelacyjny w Krakowie,Przy Rondzie 3,31-547,Kraków,"(12) 417 54 00, (12) 28 63 283,            (12) 41 75 500",(12) 417 55 54,biuro.podawcze@krakow.sa.gov.pl,/SA_KRAKOW/SkrytkaESP
apelacja krakowska,okręg kielecki,SO,Sąd Okręgowy w Kielcach,Seminaryjska 12a,25-372,Kielce,"(41) 340 23 00, (12) 28 63 283, 801 800 122",(41) 330 16 97,kierownik.boi@kielce.so.gov.pl ,/6mp30c9opo/SkrytkaESP
apelacja krakowska,okręg kielecki,SR,Sąd Rejonowy w Busku-Zdroju,Kościuszki 5,28-100 ,Busko-Zdrój,(41) 246 28 07,wycofany,boi@busko.sr.gov.pl,/9o3t55mjue/SkrytkaESP
apelacja krakowska,okręg kielecki,SR,Sąd Rejonowy w Jędrzejowie,11 Listopada 74,28-300,Jędrzejów,(41) 386 43  64,(41) 386-15-56,boi@jedrzejow.sr.gov.pl,/82p66iinm1/Skład_ESP
apelacja krakowska,okręg kielecki,SR,Sąd Rejonowy w Kielcach,Warszawska 44 ,25-312,Kielce,(41) 349 56 00,(41) 344 29 35 ,boi@kielce.sr.gov.pl ,/m8009ebkpr/SkrytkaESP
apelacja krakowska,okręg kielecki,SR,Sąd Rejonowy w Końskich,Odrowąża 5,26-200,Końskie,"(41) 372 27 02, (41) 372-27-02 wew. 268",wycofany                        ,boi@konskie.sr.gov.pl,/q92wsme32y/SkrytkaESP
apelacja krakowska,okręg kielecki,SR,Sąd Rejonowy w Opatowie,Pl. Obrońców Pokoju 18,27-500 ,Opatów,"(15)  86 82 799 wew. 100,101;           (15)  86 82 788 wew. 100,101                    ",wycofany                        ,boi@opatow.sr.gov.pl     ,/SRopatow/SkrytkaESP
apelacja krakowska,okręg kielecki,SR,Sąd Rejonowy w Ostrowcu Świętokrzyskim,Kościuszki 1,27-400,Ostrowiec Świątokrzyski,"(41) 246 20 94, 246 20 95",(41) 266 45 66,poi@ostrowiec.sr.gov.pl,/54hpg4vy94/SkrytkaESP
apelacja krakowska,okręg kielecki,SR,Sąd Rejonowy w Pińczowie,"3 Maja 12a (główna siedziba),                                           1 Maja 10 ( II Wydział Karny)                ",28-400,Pińczów,(41) 246 22 01 - 3 Maja 12a;                 12 286-32-83 - 1 Maja 10,(41) 24-62-212,administracja@pinczow.sr.gov.pl,/qw9l8tt37q/SkrytkaESP
apelacja krakowska,okręg kielecki,SR,Sąd Rejonowy w Sandomierzu,Kościuszki 2a,27-600,Sandomierz,(15) 832 30 62 do 64,wycofany,administracja@sandomierz.sr.gov.pl,/he92a61rsc/SkrytkaESP
apelacja krakowska,okręg kielecki,SR,Sąd Rejonowy w Skarżysku-Kamiennej,Krasińskiego 11,26-110,Skarżysko-Kamienna,(41) 252 03 60,(41) 246 24 10,sad@skarzysko.sr.gov.pl,/2tllb083kv/SkrytkaESP
apelacja krakowska,okręg kielecki,SR,Sąd Rejonowy w Starachowicach,Staszica 12 ,27-200,Starachowice,"(41) 274 13 12, (41) 274 13 13",(41) 274 63 29,boi@starachowice.sr.gov.pl,/6n4qp7lv8z/Skrytka ESP
apelacja krakowska,okręg kielecki,SR,Sąd Rejonowy w Staszowie,Kościuszki 2,28-200 ,Staszów,"(15) 864-82-00, (12) 286 32 83 ",(15) 864 82 04,boi@staszow.sr.gov.pl,/SR_Staszow/SkrytkaESP
apelacja krakowska,okręg kielecki,SR,Sąd Rejonowy we Włoszczowie,Kusocińskiego 11,29-100,Włoszczowa,(12) 286 32 83,(41) 394 31 07,boi@wloszczowa.sr.gov.pl,/SRW/SkrytkaESP
apelacja krakowska,okręg krakowski,SO,Sąd Okręgowy w Krakowie,Przy Rondzie 7,31-547,Kraków,"(12) 619 50 86, (12) 619 57 70",wycofany,informacja@krakow.so.gov.pl,/j623vrj3qs/SkrytkaESP
apelacja krakowska,okręg krakowski,SR,Sąd Rejonowy dla Krakowa-Krowodrzy w Krakowie,Przy Rondzie 7,31-547,Kraków,"(12) 619-50-86, (12) 619-57-70",(12) 619 50 30,sad@krakow-krowodrza.sr.gov.pl,SRKrakowKrowodrza 
apelacja krakowska,okręg krakowski,SR,Sąd Rejonowy dla Krakowa-Nowej Huty w Krakowie,Przy Rondzie 7,31-547,Kraków,(12) 286 32 83,wycofany,kontakt@krakow-nowahuta.sr.gov.pl,"0ruuy6f87f
/0ruuy6f87f/SkrytkaESP"
apelacja krakowska,okręg krakowski,SR,Sąd Rejonowy dla Krakowa-Podgórza w Krakowie,Przy Rondzie 7,31-547,Kraków,"(12) 286 32 83  sprawy cywilne, karne, rodzinne;                                                (12) 619 59 99 sprawy wieczystoksięgowe",wycofany,kontakt@krakow-podgorze.sr.gov.pl,"/SRKrakowPodgorze/SkrytkaESP  
/SRKrakowPodgorze/skrytka"
apelacja krakowska,okręg krakowski,SR,Sąd Rejonowy dla Krakowa-Śródmieścia w Krakowie,Przy Rondzie 7,31-547,Kraków,(12) 286 32 83 wydziały procesowe                                        (12)  349 20 66 wydziały rejestrowe,,oa@krakow-sr.sr.gov.pl,/91l8v1pwuk/skrytka
apelacja krakowska,okręg krakowski,SR,Sąd Rejonowy w Chrzanowie,al. Henryka 23,32-500,Chrzanów,(32) 649 40 68,wycofano,boi@chrzanow.sr.gov.pl,/cimwa26951/skrytka
apelacja krakowska,okręg krakowski,SR,Sąd Rejonowy w Miechowie,Pl. Kościuszki 3a,32-200,Miechów,"(41) 382 50 68, (12) 619  50 86",(41) 382 50 68,boi@miechow.sr.gov.pl,/SR_Miechow/skrytka
apelacja krakowska,okręg krakowski,SR,Sąd Rejonowy w Myślenicach,Piłsudskiego 7,32-400,Myślenice,(12) 373 51 20,wycofany,informacja@myslenice.sr.gov.pl,311ep1penn
apelacja krakowska,okręg krakowski,SR,Sąd Rejonowy w Olkuszu,Króla Kazimierza Wielkiego 45,32-300,Olkusz,(12) 286 32 83 ,wycofany,boi@olkusz.sr.gov.pl,/2f5sdb20h6/SkrytkaESP
apelacja krakowska,okręg krakowski,SR,Sąd Rejonowy w Oświęcimiu ,Rynek Główny 14,32-600,Oświęcim,(12) 286 32 83 ,wycofany,boi@oswiecim.sr.gov.pl,2qh16pnj5o
apelacja krakowska,okręg krakowski,SR,Sąd Rejonowy w Suchej Beskidzkiej,Mickiewicza 11,34-200,Sucha Beskidzka,"(33) 874 24 40, (12) 619 50 86",wycofany,poi@suchab.sr.gov.pl,SR_Sucha_Beskidzka
apelacja krakowska,okręg krakowski,SR,Sąd Rejonowy w Wadowicach ,Żwirki i Wigury 9,34-100,Wadowice,(12) 286 32 83 ,wycofany,boi@wadowice.sr.gov.pl,w0opgn460e
apelacja krakowska,okręg krakowski,SR,Sąd Rejonowy w Wieliczce ,Janińska 25,32-020,Wieliczka,(12) 347 30 10,wycofany,informacja@wieliczka.sr.gov.pl,jr15i3q2af
apelacja krakowska,okręg nowosądecki,SO,Sąd Okręgowy w Nowym Sączu,Pijarska 3,33-300,Nowy Sącz,(18) 44 82 181,(18) 448 21 92,boi@nowysacz.so.gov.pl,sonowysacz
apelacja krakowska,okręg nowosądecki,SR,Sąd Rejonowy w Gorlicach,Biecka 5,38-300,Gorlice,(18) 355 11 22,wycofany,boi@gorlice.sr.gov.pl,/SRGORLICE/SkrytkaESP
apelacja krakowska,okręg nowosądecki,SR,Sąd Rejonowy w Nowym Sączu,"dr Juliana Smolika 1,                     Anoniego Kity 18,                        Antoniego Kity 18 a (wydziały zamiejscowe)","33-300,             33-370 ","Nowy Sącz,            Muszyna","(18) 531 73 95 - Nowy Sącz,                   (12) 28-63-283 - BOI Muszyna",(18) 53 17 208 - Nowy Sącz,boi@nowysacz.sr.gov.pl,/srnowysacz3313/SkrytkaESP
apelacja krakowska,okręg nowosądecki,SR,Sąd Rejonowy w Limanowej,Marka 19,34-600,Limanowa,(18) 330 05 80,(18) 330 05 02,boi@limanowa.sr.gov.pl,/SRLimanowa/SkrytkaESP
apelacja krakowska,okręg nowosądecki,SR,Sąd Rejonowy w Nowym Targu,Sądowa 6,34-400,Nowy Targ,(18) 261 26 86,(18) 266 30 27,boi@nowytarg.sr.gov.pl,/srnowytarg/SkrytkaESP
apelacja krakowska,okręg nowosądecki,SR,Sąd Rejonowy w Zakopanem ,Gimnazjalna 13,34-500,Zakopane,(18) 202 46 85,(18) 202 46 02,boi@zakopane.sr.gov.pl,/srzakopane/SkrytkaESP
apelacja krakowska,okręg tarnowski,SO,Sąd Okręgowy w Tarnowie,Dąbrowskiego 27,33-100,Tarnów,(14) 688 74 47,(14) 668 74 17,informacja@tarnow.so.gov.pl,/8r937fofsm/SkrytkaESP
apelacja krakowska,okręg tarnowski,SR,Sąd Rejonowy w Brzesku,Kościuszki 20,32-800,Brzesko,(14) 664 61 01,(14) 664 61 02,boi@brzesko.sr.gov.pl,/SR_Brzesko/SkrytkaESP
apelacja krakowska,okręg tarnowski,SR,Sąd Rejonowy w Dąbrowie Tarnowskiej,Bojki 2,33-200,Dąbrowa Tarnowska,(12) 286 32 83,(14) 644 42 22,informacja@dabrowatar.sr.gov.pl,/SRDabrowaTarnowska/SkrytkaESP
apelacja krakowska,okręg tarnowski,SR,Sąd Rejonowy w Bochni,Kościuszki 4 ,32-700 ,Bochnia,(14) 615 21 00,(14) 612 42 66,boi@bochnia.sr.gov.pl,/SR_Bochnia/SkrytkaESP
apelacja krakowska,okręg tarnowski,SR,Sąd Rejonowy w Tarnowie,Dąbrowskiego 27,33-100,Tarnów,(14) 688 74 47,(14) 688 74 66,informacja@tarnow.so.gov.pl,/SRTarnow/SkrytkaESP
apelacja lubelska,,SA,Sąd Apelacyjny w Lublinie,Obrońców Pokoju 1,20-950,Lublin,"(81) 452 33 70, (81) 452 34 13",wycofany,boi@lublin.sa.gov.pl,sr62rab76w
apelacja lubelska,okręg lubelski,SO,Sąd Okręgowy w Lublinie,Krakowskie Przedmieście 43,20-076,Lublin,(81) 460 10 14 ,(81) 460 10 16,boi@lublin.so.gov.pl,/03lc19rgqb/SkrytkaESP
apelacja lubelska,okręg lubelski,SR,Sąd Rejonowy w Białej Podlaskiej,Brzeska 20-22,21-500,Biała Podlaska,(83) 311 10 95,wycofany,boi@bialapodlaska.sr.gov.pl,"/bk239o3inl/SkrytkaESP
/bk239o3inl/finanse
/bk239o3inl/adm"
apelacja lubelska,okręg lubelski,SR,Sąd Rejonowy w Chełmie,Al. Żołnierzy I Armii Wojska Polskiego 16,22-100,Chełm,"(82) 562-25-07, (82) 562 25 06                                                     ",wycofany,boi@chelm.sr.gov.pl,66e73lspoc
apelacja lubelska,okręg lubelski,SR,Sąd Rejonowy w Kraśniku,"Lubelska 81 (Biuro Podawcze, BOI, Czytelnia akt);                           Fabryczna 6 - (V Wydział Ksiąg Wieczystych)",23-200,Kraśnik,"(81) 562 90 00, BOI (81) 562 90 01, Czytelnia akt (81) 562 90 03,                     V Wydział Ksiąg Wieczystych (81) 825 75 20",(81) 46 01 176," boi@krasnik.sr.gov.pl, krasnik@krasnik.sr.gov.pl",/srkrasnik/SkrytkaESP
apelacja lubelska,okręg lubelski,SR,Sąd Rejonowy w  Lubartowie,Leginów 16,21-100,Lubartów,(81) 852 68 00,(81) 460 11 79, sekretariat@lubartow.sr.gov.pl,v680jst5k3
apelacja lubelska,okręg lubelski,SR,Sąd Rejonowy Lublin-Wschód w Lublinie z siedzibą w Świdniku,Kardynała Stefana Wyszyńskiego 18,21-040,Świdnik,(81) 464 87 22,wycofany,boi@lublin-wschod.sr.gov.pl,/SRLublinWschod/SkrytkaESP
apelacja lubelska,okręg lubelski,SR,Sąd Rejonowy Lublin-Zachód w Lublinie,"Krakowskie Przedmieście 76 (główna siedziba sądu, BOI dla VII Wydziału Pracy i Ubezpieczeń Społecznych, IX Wydziału Karnego);                                                                                                     Krakowskie Przedmieście 78 (Biuro Podawcze, III Wydział  Karny, IV Wydział Karny);                                                                          Konrada Wallenroda 4d (Biuro Podawcze, BOI dla Wydziałów: I Cywilny, V Rodzinny i Nieletnich, VIII Cywilny,X Ksiąg Wieczystych; Punkt Informacyjny KRK);                                                               Boczna Lubomelskiej 13 (VI Wydział Cywilny (e-sąd))",20-950,Lublin,(81) 478 16 07 ul. Krakowskie Przedmieście 76;                                   (81) 47 75 113 ul. Konrada Wallenroda 4 d                                                             (81) 535 07 56 ul. Boczna Lubomelskiej 13;,wycofany,sek@lublin-zachod.sr.gov.pl ,/SRLublinZachod/SkrytkaESP
apelacja lubelska,okręg lubelski,SR,Sąd Rejonowy w Opolu Lubelskim,Stary Rynek 46 ,24-300 ,Opole Lubelskie,(81) 827 28 25,(81) 460 11 88,administracyjny@opolelubelskie.sr.gov.pl,18yy1xl0dz
apelacja lubelska,okręg lubelski,SR,Sąd Rejonowy w Puławach,Lubelska 7,24-100,Puławy,(81) 888 55 85,wycofany,biuro@pulawy.sr.gov.pl,/SRPulawy/SkrytkaESP
apelacja lubelska,okręg lubelski,SR,Sąd Rejonowy w Radzyniu Podlaskim,Stefana Kardynała Wyszyńskiego 5,21-300,Radzyń Podlaski,"(83) 313 30 01 sprawy karne                        (83) 313 30 02 sprawy cywilne, rodzinne i nieletnich;                                              (83) 313 30 40 wydział ksiąg wieczystych",wycofany,boi@radzyn.sr.gov.pl,571cnf9akm
apelacja lubelska,okręg lubelski,SR,Sąd Rejonowy w Rykach,Kościuszki 15,08-500,Ryki,(81) 865 60 51,(81) 865 60 51 wew. 307,sekretariat@ryki.sr.gov.pl,srryki
apelacja lubelska,okręg lubelski,SR,Sąd Rejonowy we Włodawie,Sejmowa 7  ,22-200,Włodawa,(82) 591 74 17,(81) 460 11 78,sekretariat@wlodawa.sr.gov.pl,/9sh48y5bnp/SkrytkaESP
apelacja lubelska,okręg radomski,SO,Sąd Okręgowy w Radomiu,Piłsudskiego 10,26-600,Radom,(48) 677 67 00,wycofany,boi@radom.so.gov.pl,"/ut710i2vvn/skrytka
/ut710i2vvn/SkrytkaESP"
apelacja lubelska,okręg radomski,SR,Sąd Rejonowy w Grójcu,Sportowa 14,05-600,Grójec,(48)  664 83 00,wycofany,poi@grojec.sr.gov.pl,/srgrojec/SkrytkaESP.
apelacja lubelska,okręg radomski,SR,Sąd Rejonowy w Kozienicach,Konstytucji 3 Maja 22,26-900,Kozienice,(48) 614 29 13,wycofany,biuro@kozienice.sr.gov.pl,/7m4tn24wsx/SkrytkaESP
apelacja lubelska,okręg radomski,SR,Sąd Rejonowy w Lipsku,Partyzantów 1,27-300,Lipsko,(48) 378 44 60,wycofany,sr@lipsko.sr.gov.pl,/6284qdhod6/skrytka
apelacja lubelska,okręg radomski,SR,Sąd Rejonowy w Przysusze,Al. Jana Pawła II 11,26-400,Przysucha,(48) 675 03 70,wycofany,administracja@przysucha.sr.gov.pl,/SRPrzysucha/SkrytkaESP
apelacja lubelska,okręg radomski,SR,Sąd Rejonowy w Radomiu,Warszawska 1,26-610,Radom,(48) 36 80 od 442 do 445,wycofany,boi@radom.sr.gov.pl, /SR-RADOM/SkrytkaESP 
apelacja lubelska,okręg radomski,SR,Sąd Rejonowy w Szydłowcu,Pl. Marii Konopnickiej 7,26-500,Szydłowiec,(48) 617 87 00,wycofany,administracja@szydlowiec.sr.gov.pl,/jj9228orky/SkrytkaESP            
apelacja lubelska,okręg radomski,SR,Sąd Rejonowy w Zwoleniu,Moniuszki 6,26-700,Zwoleń,(48) 676 30 51,wycofany,biuro.podawcze@zwolen.sr.gov.pl,/5k473ywtft/SkrytkaESP
apelacja lubelska,okręg siedlecki,SO,Sąd Okręgowy w Siedlcach,Sądowa 2,08-100,Siedlce,"(25) 64 07 800, (25) 64 07 801",(25) 640 78 25 wyłącznie II Wydział Karny,boi@siedlce.so.gov.pl,/va6b0jm14s
apelacja lubelska,okręg siedlecki,SR,Sąd Rejonowy w Garwolinie,Al. Legionów 46,08-400,Garwolin,(25) 684 17 00 wew. 700 lub 705,wycofany,boi@garwolin.sr.gov.pl,srgarwolin
apelacja lubelska,okręg siedlecki,SR,Sąd Rejonowy w Łukowie,"Staropijarska 1 (wydział ksiągwieczystych, karny);       Kwiatkowskiego 3 (wydział cywilny, rodzinny)",21-400,Łuków,"(25) 798 23 51, (25) 798 23 48, ",wycofany,biuro.podawcze@lukow.sr.gov.pl,/8rc542paxu/SkrytkaESP
apelacja lubelska,okręg siedlecki,SR,Sąd Rejonowy w Mińsku Mazowieckim,Okrzei 14,05-300,Mińsk Mazowiecki,(25) 756-49 od 00 do 05,(25) 756 49 40,"	
sekretariat@minsk-mazowiecki.sr.gov.pl
",/1959fqyct5/ezd4153
apelacja lubelska,okręg siedlecki,SR,Sąd Rejonowy w Węgrowie,Przemysłowa 20,07-100,Węgrów,(25) 792 22 31,wycofany,boi@wegrow.sr.gov.pl,/g1bfn536v2/skrytka
apelacja lubelska,okręg siedlecki,SR,Sąd Rejonowy w Sokołowie Podlaskim,ks Bosco 3,08-300,Sokołów Podlaski,(25) 787 23 22,(25) 787 23 94 wew. 134,biuro.podawcze@sokolow-podlaski.sr.gov.pl,i5ec7de04j
apelacja lubelska,okręg siedlecki,SR,Sąd Rejonowy w Siedlcach,Kazimierzowska 31A,08-110,Siedlce,(25) 640 07 01,wycofany,boi@siedlce.sr.gov.pl,/v537m3qonk/SkrytkaESP
apelacja lubelska,okręg zamojski,SO,Sąd Okręgowy w Zamościu,Wyszyńskiego 11,22-400,Zamość,(84) 631 68 00,wycofany,boi@zamosc.so.gov.pl,/hp53rjk55o/SkrytkaESP
apelacja lubelska,okręg zamojski,SR,Sąd Rejonowy w Biłgoraju,Kościuszki  29,23-400,Biłgoraj,"(84) 68 50 901 sprawy cywilne, rodzinne i nieletnich;                                                      (84) 68 50 902 sprawy karne",wycofany, administracja@bilgoraj.sr.gov.pl,/SadRejonowyBilgoraj/SkrytkaESP
apelacja lubelska,okręg zamojski,SR,Sąd Rejonowy w Hrubieszowie,"Dobrzańskiego ""Hubala"" 7",22-500,Hrubieszów,(84) 696 40 42,wycofany,administracja@hrubieszow.sr.gov.pl,srhrubieszow
apelacja lubelska,okręg zamojski,SR,Sąd Rejonowy w Janowie Lubelskim ,Zamoyskiego 94,23-300,Janów Lubelski,"(15) 872 00 50, 872 04 49",(15) 872 04 06,administracja@janowlubelski.sr.gov.pl,srjanowlub
apelacja lubelska,okręg zamojski,SR,Sąd Rejonowy w Krasnymstawie,Poniatowskiego 31,22-300,Krasnystaw,(82) 576 28 od 02 do 05,wycofany,boi@krasnystaw.sr.gov.pl,/SRKRASNYSTAW/SkrytkaESP
apelacja lubelska,okręg zamojski,SR,Sąd Rejonowy w Tomaszowie Lubelskim,Lwowska 55,22-600,Tomaszów Lubelski,"(84) 665 74 55 – sprawy karne;
(84) 665 74 89 – sprawy cywilne;
(84) 665 74 46 – sprawy rodzinne i nieletnich;
(84) 665 74 35 – sprawy wieczystoksięgowe",wycofany,boi@tomaszowlub.sr.gov.pl,/srtomaszowlub/SkrytkaESP
apelacja lubelska,okręg zamojski,SR,Sąd Rejonowy w Zamościu,Wyszyńskiego 11,22-400,Zamość,(84) 631 65 00,wycofany,boi@zamosc.sr.gov.pl,/srzamosc/SkrytkaESP
apelacja łódzka,,SA,Sąd Apelacyjny w Łodzi,al. T. Kościuszki 65,90-514,Łódź,(42) 685 06 96,(42) 209 11 72,boi@lodz.sa.gov.pl,/vr53ee7p2y/SkrytkaESP
apelacja łódzka,okręg kaliski,SO,Sąd Okręgowy w Kaliszu,Al. Wolności 13,62-800,Kalisz,(62) 765 78 11,(62) 594 45 44,biuro_obslugi@kalisz.so.gov.pl,w8yt393qck
apelacja łódzka,okręg kaliski,SR,Sąd Rejonowy w Kaliszu,Al. Wolności 13,62-800,Kalisz,(62) 765 78 61,(62) 59-77-280,boi@kalisz.sr.gov.pl,vvw0bl7677
apelacja łódzka,okręg kaliski,SR,Sąd Rejonowy w Ostrowie Wielkopolskim,Sądowa 2,63-400,Ostrów Wielkopolski,(62) 592 61 79,(62) 592 83 60,poi@ostrow.sr.gov.pl,/4hxg532udh/SkrytkaESP
apelacja łódzka,okręg kaliski,SR,Sąd Rejonowy w Jarocinie,Al. Niepodległości 15,63-200,Jarocin,(62) 505 29 60,(62) 594 45 60,administracja@jarocin.sr.gov.pl,/SRJarocin/SkrytkaESP
apelacja łódzka,okręg kaliski,SR,Sąd Rejonowy w Pleszewie,Malińska 21,63-300,Pleszew,(62) 742 06 98,(62) 594 45 50,administracja@pleszew.sr.gov.pl,SRPLESZEW
apelacja łódzka,okręg kaliski,SR,Sąd Rejonowy w Kępnie,Al. Marcinkowskiego 10,63-600,Kępno,(62) 782 72 50,(62) 594 45 81,administracja@kepno.sr.gov.pl,/srkepno/SkrytkaESP
apelacja łódzka,okręg kaliski,SR,Sąd Rejonowy w Ostrzeszowie,Zamkowa 9 A,63-500,Ostrzeszów,(62) 732 27 10,(62) 594 45 90,administracja@ostrzeszow.sr.gov.pl,/SROSTRZESZOW/SkrytkaESP
apelacja łódzka,okręg kaliski,SR,Sąd Rejonowy w Krotoszynie,Sienkiewicza 11,63-700,Krotoszyn,(62) 725 11 00,(62) 594 45 70,administracja@krotoszyn.sr.gov.pl,/SRKROTOSZYN/SkrytkaESP
apelacja łódzka,okręg łódzki,SO,Sąd Okręgowy w Łodzi,Pl. Dąbrowskiego 5,90-921,Łódź,(42) 685 04 00,(42) 212 60 89,boi@lodz.so.gov.pl,/ub87h95fg5/SkrytkaESP
apelacja łódzka,okręg łódzki,SR,Sąd Rejonowy w Kutnie,Spokojna 2,99-300,Kutno,(24) 251 13 50,(24) 387 37 16,boi@kutno.sr.gov.pl,/249qyv0qkm/SkrytkaESP
apelacja łódzka,okręg łódzki,SR,Sąd Rejonowy w Łowiczu,Kaliska 1/3,99-400,Łowicz,(46) 830 43 10,(46) 811 27 90,boi@lowicz.sr.gov.pl,/2qtn915gty/SkrytkaESP
apelacja łódzka,okręg łódzki,SR,Sąd Rejonowy w Łęczycy,Konopnickiej 16,99-100,Łęczyca,(24) 721 12 82,(24) 387 37 04,boi.leczyca@leczyca.sr.gov.pl,/5363kldhjd/SkrytkaESP
apelacja łódzka,okręg łódzki,SR,Sąd Rejonowy w Pabianicach,Partyzancka 105/127,95-200,Pabianice,(42) 225 51 83,(42) 209 11 44,boi@pabianice.sr.gov.pl,/t7e5x05ink/SkrytkaESP
apelacja łódzka,okręg łódzki,SR,Sąd Rejonowy w Skierniewicach,Reymonta 12/14,96-100,Skierniewice,(46) 834 49 40,(46) 811 22 95,boi@skierniewice.sr.gov.pl,/m0e601ejik/SkrytkaESP
apelacja łódzka,okręg łódzki,SR,Sąd Rejonowy w Zgierzu,Sokołowska 6,95-100,Zgierz,"(42) 715 75 00, (42) 715 76 06, (42) 715 76 07, (42) 715 76 08, 664 413 025",(42) 209 11 50,boi@zgierz.sr.gov.pl,/n8m48k9idj/SkrytkaESP
apelacja łódzka,okręg łódzki,SR,Sąd Rejonowy dla Łodzi-Śródmieścia w Łodzi,"Al. Kościuszki 107/109 (BOI dla wydziałów: I, II, IV, V, VI,VII, VIII);                              Kopcińskiego 56 (BOI dla wydziałów: III, X, XII, XIII, XVIII);                                     Pomorska 37 (BOI dla wydziałów: XIV, XV, XX).",90-928;                               90-032;           90-203,Łódź,(42) 201 20 00,(42) 664 07 23,boi@lodz.sr.gov.pl,/8c01w3eytx/SkrytkaESP
apelacja łódzka,okręg łódzki,SR,Sąd Rejonowy w Brzezinach,Waryńskiego 32,95-060,Brzeziny,"(46) 875 21 41, 875 21 51",(46) 811 27 80,boi@brzeziny.sr.gov.pl,/srbrzeziny/SkrytkaESP
apelacja łódzka,okręg łódzki,SR,Sąd Rejonowy dla Łodzi-Widzewa w Łodzi,"Al. Piłsudskiego 143 (BOI dla wydziału III, IV, VIII);                                   Kopcińskiego 56 (BOI dla wydziału I, II, V). ","92-332,                       90-032",Łódź,"(42) 677-47-47 al.Piłsudskiego,            (42) 677-95-64 ul. Kopcińskiego",(42) 288 42 30,"boi.pilsudskiego@widzew.sr.gov.pl, boi.kopcinskiego@widzew.sr.gov.pl",/nfold0108h/SkrytkaESP
apelacja łódzka,okręg łódzki,SR,Sąd Rejonowy w Rawie Mazowieckiej ,Kościuszki 17,96-200,Rawa Mazowiecka,(46) 813 19 15,(46) 811 22 96,boi@rawa.sr.gov.pl,/86t8n8ofxg/SkrytkaESP
apelacja łódzka,okręg piotrkowski,SO,Sąd Okręgowy w Piotrkowie Trybunalskim,Słowackiego 5,97-300,Piotrków Trybunalski,(44) 649 41 80,(44) 741 58 36,boi@piotrkow-tryb.so.gov.pl,/2t4tnku74w/SkrytkaESP
apelacja łódzka,okręg piotrkowski,SR,Sąd Rejonowy w Bełchatowie,Okrzei 4,97-400,Bełchatów,(44) 635 76 06,(44) 741 57 09,boi@belchatow.sr.gov.pl,/7q7img43n3/SkrytkaESP
apelacja łódzka,okręg piotrkowski,SR,Sąd Rejonowy w Opocznie,Biernackiego 20,26-300,Opoczno,(44) 755 71 07 ,(44) 741 57 00,informacja@opoczno.sr.gov.pl,/SROpoczno/SkrytkaESP
apelacja łódzka,okręg piotrkowski,SR,Sąd Rejonowy w Piotrkowie Trybunalskim ,Słowackiego 5,97-300,Piotrków Trybunalski,(44) 649 42 00,(44) 649 64 35,boi@piotrkow-tryb.sr.gov.pl,/8403xhitqu/skrytkaESP
apelacja łódzka,okręg piotrkowski,SR,Sąd Rejonowy w Radomsku ,Tysiąclecia 3,97-500,Radomsko,"(44) 6858123, (44) 6858112 ",(44) 7415850,poczta@radomsko.sr.gov.pl,/ko0unm5906/SkrytkaESP
apelacja łódzka,okręg piotrkowski,SR,Sąd Rejonowy w Tomaszowie Mazowieckim,Prezydenta I. Mościckiego 9,97-200,Tomaszów Mazowiecki,"(44) 725 75 08, 725 75 09",wycofany,boi@tomaszow-maz.sr.gov.pl,/c6n9bpg70r/SkrytkaESP
apelacja łódzka,okręg płocki,SO,Sąd Okręgowy w Płocku,Pl. Narutowicza 4,09-404,Płock,(24) 269 72 13,(24) 360 39 41,administracja@plock.so.gov.pl,/73f46mpqlb/SkrytkaESP
apelacja łódzka,okręg płocki,SR,Sąd Rejonowy w Płocku, 8 Pułku Artylerii Lekkiej 6,09-402,Płock,(24) 269 74 76,(24) 360-39-19,boi@plock.sr.gov.pl,/662a3eomy6/SkrytkaESP
apelacja łódzka,okręg płocki,SR,Sąd Rejonowy w Ciechanowie ,"Mikołajczyka 5 (Biuro Podawcze, BOI, II Wydział Karny, VI Wydział Ksiąg Wieczystych, VIII Wydział Wykonywania Orzeczeń);                                                         Mikołajczyka 6 (I Wydział Cywilny, III Wydział Rodzinny i Nieletnich, IV Wydział Pracy).",06-400,Ciechanów,(23) 674 17 71,(23) 68214 31,informacja@ciechanow.sr.gov.pl,/t9an2j18m6/SkrytkaESP
apelacja łódzka,okręg płocki,SR,Sąd Rejonowy w Gostyninie,3 Maja 43,09-500,Gostynin,(24) 352 08 31,(23) 682 14 40,administracja@gostynin.sr.gov.pl,/34kc62rutz/SkrytkaESP
apelacja łódzka,okręg płocki,SR,Sąd Rejonowy w Mławie ,Reymonta 3,06-500,Mława,(23) 654 89 06,(23) 682 13 94,boi@mlawa.sr.gov.pl,/srmlawa/SkrytkaESP
apelacja łódzka,okręg płocki,SR,Sąd Rejonowy w Sochaczewie,1 Maja 7,96-500,Sochaczew,"(46) 862 32 64 w.300, 326",(46) 811 27 99,biuro.podawcze@sochaczew.sr.gov.pl,/we3hdx702b/SkrytkaESP
apelacja łódzka,okręg płocki,SR,Sąd Rejonowy w Płońsku,Sienkiewicza 9a,09-100,Płońsk,(23) 661 37 10,(23) 682 19 10,boi@plonsk.sr.gov.pl,/9hxa594fl2/SkrytkaESP
apelacja łódzka,okręg płocki,SR,Sąd Rejonowy w Sierpcu,Wiosny Ludów 1,09-200,Sierpc,(24) 275 22 93,(23) 682 15 40,administracja@sierpc.sr.gov.pl,/SRSierpc/SkrytkaESP
apelacja łódzka,okręg płocki,SR,Sąd Rejonowy w Żyrardowie,al. Partyzantów 3,96-300,Żyrardów,(46) 854 31 41,(46) 811 27 41,boi@zyrardow.sr.gov.pl ,/SRZyrardow/SkrytkaESP
apelacja łódzka,okręg sieradzki,SO,Sąd Okręgowy w Sieradzu,al. Zwycięstwa 1,98-200,Sieradz,(43) 826 66 09,(43) 656 89 75,boi@sieradz.so.gov.pl,h9d6ym9q7j
apelacja łódzka,okręg sieradzki,SR,Sąd Rejonowy w Sieradzu ,al. Zwycięstwa 1,98-200,Sieradz,(43) 826 66 00,(43) 827 10 73,boi@sieradz.sr.gov.pl,/3pglrm422e/skrytkaESP 
apelacja łódzka,okręg sieradzki,SR,Sąd Rejonowy w Łasku,Kolejowa 12,98-100,Łask,(43) 676 85 00,(43) 656 89 81,administracja@lask.sr.gov.pl,sadrejonowylask
apelacja łódzka,okręg sieradzki,SR,Sąd Rejonowy w Wieluniu,Pl. Jagielloński 1,98-300,Wieluń,(43) 842 01 00,(43) 656 89 70,administracja@wielun.sr.gov.pl ,/591c3uejfs/SkrytkaESP
apelacja łódzka,okręg sieradzki,SR,Sąd Rejonowy w Zduńskiej Woli,Żeromskiego 19,98-220,Zduńska Wola,(43) 824 18 18,(43) 656 89 79,boi@zdwola.sr.gov.pl,d4j87jnj6o
apelacja poznańska,,SA,Sąd Apelacyjny w Poznaniu,Trójpole 21,61-693,Poznań,(61) 827 45 63,(61) 822 64 20,boi@poznan.sa.gov.pl,/SAPoznan/SkrytkaESP
apelacja poznańska,okręg koniński,SO,Sąd Okręgowy w Koninie,Energetyka  5,62-510,Konin,(63) 246 45 55,(63) 245 14 21,boi@konin.so.gov.pl,/d857y8fksc/SkrytkaESP
apelacja poznańska,okręg koniński,SR,Sąd Rejonowy w Koninie,Fryderyka Chopina 28,62-510,Konin,(63) 270 88 00,(63) 219 57 00,boi@konin.sr.gov.pl,/dt9wc4v69r/SkrytkaESP
apelacja poznańska,okręg koniński,SR,Sąd Rejonowy w Kole,Włocławska 4,62-600,Koło,(63) 228 29 17,(63) 228 28 70,bp@kolo.sr.gov.pl,/h234obno5f/SkrytkaESP
apelacja poznańska,okręg koniński,SR,Sąd Rejonowy w Słupcy,Armii Krajowej 2,62-400,Słupca,(63) 228 27 00,(63) 277 19 22,administracja@slupca.sr.gov.pl ,/SRSlupca/SkrytkaESP
apelacja poznańska,okręg koniński,SR,Sąd Rejonowy w Turku,Legionów Polskich 4,62-700,Turek,(63) 240 72 00,(63) 240 72 80, bp@turek.sr.gov.pl,/wyo5u464n1/SkrytkaESP
apelacja poznańska,okręg poznański,SO,Sąd Okręgowy w Poznaniu,Hejmowskiego 2,61-736,Poznań,(61) 628 30 00 ,(61) 628 30 03,informacja@poznan.so.gov.pl,/91ot5c4vpy/SkrytkaESP
apelacja poznańska,okręg poznański,SR,Sąd Rejonowy w Chodzieży,Krasińskiego 10,64-800,Chodzież,(67) 356 77 00,(67) 356 77 04,boi@chodziez.sr.gov.pl,/c5xwx4c781/SkrytkaESP
apelacja poznańska,okręg poznański,SR,Sąd Rejonowy w Gnieźnie ,Franciszkańska 9/10,62-200 ,Gniezno,(61) 423 93 00,(61) 426 10 34,boi@gniezno.sr.gov.pl,/d63ip7o2pd/SkrytkaESP
apelacja poznańska,okręg poznański,SR,Sąd Rejonowy w Gostyniu ,Sądowa 1,63-800,Gostyń,"(65) 521 44 08, 521 44 09",(65) 572 71 81,administracja@gostyn.sr.gov.pl,/svo6k7n98q/SkrytkaESP
apelacja poznańska,okręg poznański,SR,Sąd Rejonowy w Grodzisku Wielkopolskim,Żwirki i Wigury nr 3,62-065,Grodzisk Wielkopolski,(61) 628 48 08,(61) 444 49 33,administracja@grodziskwlkp.sr.gov.pl,/65dgd4jk2e/SkrytkaESP  
apelacja poznańska,okręg poznański,SR,Sąd Rejonowy w Kościanie,Pl. Niezłomnych 2,64-000,Kościan,(65) 521 45 46,(65) 521 45 45, administracja@koscian.sr.gov.pl,/t863n7numh/SkrytkaESP
apelacja poznańska,okręg poznański,SR,Sąd Rejonowy w Lesznie,Dąbrowskiego 2,64-100,Leszno,(65) 525 94 03,(65) 525 94 26,boi@leszno.sr.gov.pl,/lmq38ip28j/SkrytkaESP
apelacja poznańska,okręg poznański,SR,Sąd Rejonowy w Nowym Tomyślu,Pl. Niepodległości 31,64-300,Nowy Tomyśl,(61) 628 49 66,(61) 628 49 96,administracja@nowytomysl.sr.gov.pl,/SR_NowyTomysl/SkrytkaESP
apelacja poznańska,okręg poznański,SR,Sąd Rejonowy w Obornikach,Piłsudskiego 47,64-600 ,Oborniki,(61) 628 48 77,wycofany,adm@oborniki.sr.gov.pl,/SROborniki/SkrytkaESP
apelacja poznańska,okręg poznański,SR,Sąd Rejonowy w Pile,al.Powstańców Wielkopolskich 79,64-920,Piła,(67) 352 29 28,(67) 352 28 02,info@pila.sr.gov.pl,/cd707c1kw1/SkrytkaESP
apelacja poznańska,okręg poznański,SR,Sąd Rejonowy Poznań-Grunwald i Jeżyce w Poznaniu,Kamiennogórska 26,60-179,Poznań,(61) 628 97 00,(61) 628 97 01,boi@poznan-grunwald.sr.gov.pl,/k66ha07sqi/skrytka
apelacja poznańska,okręg poznański,SR,Sąd Rejonowy Poznań-Nowe Miasto i Wilda w Poznaniu,"Al. Marcinkowskiego 32 (sprawy cywilne, karne oraz rodzinne i nieletnich);                                   Chlebowa 4/8 (sprawy gospodarcze rejestru zastawów oraz krajowego rejestru sądowego) ",61-745;                                                        61-003 ,Poznań,(61) 640 90 00,(61) 647 36 01,boi@poznan-nowemiasto.sr.gov.pl ,/g4l62pt4r1/SkrytkaESP
apelacja poznańska,okręg poznański,SR,Sąd Rejonowy Poznań-Stare Miasto w Poznaniu,Młyńska 1a,61-729,Poznań,(61) 666 08 50,(61) 468 25 12,boi@poznan-staremiasto.sr.gov.pl,/srpoznansm/SkrytkaESP
apelacja poznańska,okręg poznański,SR,Sąd Rejonowy w Rawiczu,Ignacego Buszy nr 1,63-900,Rawicz,(65) 521 44 51,(65) 546 10 97,administracja@rawicz.sr. gov.pl,/4ylgt9d26m/SkrytkaESP
apelacja poznańska,okręg poznański,SR,Sąd Rejonowy w Szamotułach,"Al. 1 Maja 5A,                           Sikorskiego 22 (wydział zamiejscowy)","64-500,           64-400","Szamotuły,          Międzychód","(61) 667 47 00 - Szamotuły,                   (95) 748 40 16 -Międzychód","(61) 292 00 02 - Szamotuły,  (61) 667 47 64 - Międzychód",boi@szamotuly.sr.gov.pl,/r6mm5ui56p/SkrytkaESP
apelacja poznańska,okręg poznański,SR,Sąd Rejonowy w Śremie,Franciszkańska 4,63-100,Śrem,(61) 282 14 10,(61) 282 14 69,administracja@srem.sr.gov.pl,/sr_srem/SkrytkaESP
apelacja poznańska,okręg poznański,SR,Sąd Rejonowy w Środzie Wielkopolskiej,Stary Rynek 6,63-000,Środa Wielkopolska,(61) 62 84 900,(61) 628 49 48,administracja@srodawlkp.sr.gov.pl,/sc3bh1w61j/SkrytkaESP
apelacja poznańska,okręg poznański,SR,Sąd Rejonowy w Trzciance,Staszica 1,64-980,Trzcianka,(67) 352 89 00,(67) 387 82 12,biuropodawcze@trzcianka.sr.gov.pl,/srtrzcianka2011/SkrytkaESP
apelacja poznańska,okręg poznański,SR,Sąd Rejonowy w Wągrowcu ,Kościuszki 18 ,62-100,Wągrowiec,(67) 268 12 00,(67) 262 50 25,boi@wagrowiec.sr.gov.pl ,/SR_Wagrowiec/SkrytkaESP
apelacja poznańska,okręg poznański,SR,Sąd Rejonowy w Wolsztynie,Mickiewicza 2,64-200,Wolsztyn,(68) 420 23 01,(68) 347 36 08,administracja@wolsztyn.sr.gov.pl,/qvqws75833/SkrytkaESP  
apelacja poznańska,okręg poznański,SR,Sąd Rejonowy we Wrześni,Jana Pawła II 10,62-300,Września,(61) 436 90 01,(61) 436 90 09,administracja@wrzesnia.sr.gov.pl,/81o16vscjo/skrytka
apelacja poznańska,okręg poznański,SR,Sąd Rejonowy w Złotowie ,Konopnickiej 15,77-400,Złotów,(67) 264 28 00,(67) 264 28 95,administracja@zlotow.sr.gov.pl,/1fyk9wk98c/SkrytkaESP
apelacja poznańska,okręg zielonogórski,SO,Sąd Okręgowy w Zielonej Górze,Pl. Słowiański 1,65-069,Zielona Góra,(68) 32 20 218,(68) 45 67 784,boi@zielona-gora.so.gov.pl ,5e1pa2m4d7
apelacja poznańska,okręg zielonogórski,SR,Sąd Rejonowy w Krośnie Odrzańskim,"Piastów 10 L,                           Piastowska 16 (wydziały zamiejscowe)","66-600,              66-620","Krosno Odrzańskie,    Gubin","(68) 410 88 00 - Krosno Odrzańskie, 
501 077 134 - Gubin IV Zamiejscowy Wydział Karny 
507 768 158 - Gubin VI Zamiejscowy Wydział Ksiąg Wieczystych","(68) 410 88 78 - Krosno Odrzańskie, 
(68) 359 04 04 - IV Zamiejscowy Wydział Karny w Gubinie, 
(68) 359 04 10 - VI Zamiejscowy Wydział Ksiąg Wieczystych w Gubinie

 ",biuro.podawcze@krosno-odrz.sr.gov.pl,n3ra80t0vv
apelacja poznańska,okręg zielonogórski,SR,Sąd Rejonowy w Nowej Soli,Piłsudskiego 24 ,67-100 ,Nowa Sól,(68) 355 88 00,(68) 355 87 02,sekretariat@nowa-sol.sr.gov.pl,0n5f9taj47
apelacja poznańska,okręg zielonogórski,SR,Sąd Rejonowy w Świebodzinie,"Park Chopina 3 (wydziały: I Wydział Cywilny, II Wydział Karny, III Wydział Rodzinny i Nieletnich, IV Wydział Pracy);  
ul. Wałowa 11 (V Wydział Ksiąg Wieczystych); 
al. Niepodległości 9 (wydziały zamiejscowe: VI Wydział Karny, VII Wydział Ksiąg Wieczystych).
","66-200,                  66-100","Świebodzin,                          Sulechów",(68) 381 94 64 ,(68) 381 91 20,boi@swiebodzin.sr.gov.pl,/4e1w7yb9pt/SkrytkaESP
apelacja poznańska,okręg zielonogórski,SR,Sąd Rejonowy we Wschowie,Plac Kosynierów 1C,67-400 ,Wschowa,(65) 540 15 01,(65) 540 84 38,podawcze@wschowa.sr.gov.pl,/SRWschowa/SkrytkaESP
apelacja poznańska,okręg zielonogórski,SR,Sąd Rejonowy w Zielonej Górze,"Plac Słowiański 2 (Wydziały: I cywilny, II karny, VI ksiąg wieczystych, IX egzekucyjny); 
Plac Słowiański  5 (Wydział VII Karny);  
Plac Słowiański 12 (Wydział IV Pracy i Ubezpieczeń Społecznych, III Wydział Rodzinny i Nieletnich, V Wydział Gospodarczy); 
Kożuchowska 8 (Wydział Gospodarczy KRS).",65-069,Zielona Góra,(68) 322 03 78,(68) 322 03 17,informacja@zielona-gora.sr.gov.pl,oswfb2418b
apelacja poznańska,okręg zielonogórski,SR,Sąd Rejonowy w Żaganiu,"Szprotawska 3 (wydziały: I Wydział Cywilny, II Wydział Karny, IV Wydział Pracy, V Wydział Ksiąg Wieczystych); Szprotowska 1 (III Wydział Rodzinny i Nieletnich).",68-100,Żagań,(68) 478 49 36,(68) 368 83 02,boi@zagan.sr.gov.pl,6ox3v7c4ge
apelacja poznańska,okręg zielonogórski,SR,Sąd Rejonowy w Żarach,Spokojna 20,68-200,Żary,(68) 363 53 42,(68) 419 83 21,biuropodawcze@zary.sr.gov.pl,24w3g9gldu
apelacja rzeszowska,,SA,Sąd Apelacyjny w Rzeszowie ,Al. Piłsudskiego 28,35-001,Rzeszów,(17) 858 03 00,wycofany,boi@rzeszow.sa.gov.pl ,/acr4h453pp/SkrytkaESP
apelacja rzeszowska,okręg przemyski,SO,Sąd Okręgowy w Przemyślu,Konarskiego 6,37-700,Przemyśl,"(16) 676 13 01, 676 13 02",(16) 676 13 53,biuro@przemysl.so.gov.pl,/937t6kyslt/SkrytkaESP
apelacja rzeszowska,okręg przemyski,SR,Sąd Rejonowy w Jarosławiu,"Jana Pawła II 11 (wydział cywilny, wydział pracy, wydział ksiąg wieczystych, oddział finansowy, administracyjny, Prezes,Dyrektor);                    Czarnieckiego 4 (BOI, wydział karny, wydział rodzinny,zespół kuratorskiej służby sądowej). ",37-500,Jarosław,(16) 624 01 02,(16) 621 23 83,boi@jaroslaw.sr.gov.pl,/SRJaroslaw/SkrytkaESP
apelacja rzeszowska,okręg przemyski,SR,Sąd Rejonowy w Przeworsku,Lwowska 9,37-200,Przeworsk,(16) 649 08 10,(16) 649 08 16,boi@przeworsk.sr.gov.pl,/SRPrzeworsk/SkrytkaESP
apelacja rzeszowska,okręg przemyski,SR,Sąd Rejonowy w Lubaczowie,Mickiewicza 24,37-600,Lubaczów,(16) 632 50 64,(16) 632 50 64,sad@lubaczow.sr.gov.pl,/SadLubaczow/SkrytkaESP
apelacja rzeszowska,okręg przemyski,SR,Sąd Rejonowy w Przemyślu,Mickiewicza 14,37-700,Przemyśl,(16) 675 73 33,wycofany,boi@przemysl.sr.gov.pl,/srprzemysl/SkrytkaESP
apelacja rzeszowska,okręg krośnieński,SO,Sąd Okręgowy w Krośnie,Sienkiewicza 12,38-400,Krosno,(13) 437 36 38,wycofany,poi@krosno.so.gov.pl,/6qj483fdfx/SkrytkaESP
apelacja rzeszowska,okręg krośnieński,SR,Sąd Rejonowy w Brzozowie,3 Maja 2a,36-200,Brzozów,(13) 433 83 11,wycofany,boi@brzozow.sr.gov.pl,/2e2r72cvah/SkrytkaESP
apelacja rzeszowska,okręg krośnieński,SR,Sąd Rejonowy w Jaśle,Armii Krajowej 3,38-200,Jasło,(13) 446 20 80,wycofany,administracja@jaslo.sr.gov.pl,/a8yx0lo69f/SkrytkaESP
apelacja rzeszowska,okręg krośnieński,SR,Sąd Rejonowy w Krośnie,Sienkiewicza  12,38-400,Krosno,(13) 437 56 36,wycofany, boi@krosno.sr.gov.pl,/k0dc949ncg/SkrytkaESP
apelacja rzeszowska,okręg krośnieński,SR,Sąd Rejonowy w Lesku,Pl. Konstytucji 3 Maja 9,38-600,Lesko,(13) 468 98 00,wycofany,administracja@lesko.sr.gov.pl,/508ih9djq2/SkrytkaESP
apelacja rzeszowska,okręg krośnieński,SR,Sąd Rejonowy w Sanoku,Kościuszki 5,38-500,Sanok,(13) 465 67 87,wycofany,boi@sanok.sr.gov.pl,/srsanok/SkrytkaESP
apelacja rzeszowska,okręg rzeszowski,SO,Sąd Okręgowy w Rzeszowie,Pl. Śreniawitów 3,35-959,Rzeszów,(17) 875 63 00,(17) 862 72 65,boi@rzeszow.so.gov.pl,l54d12qni4
apelacja rzeszowska,okręg rzeszowski,SR,Sąd Rejonowy w Ropczycach,Słowackiego 7,39-100,Ropczyce,(17) 222 03 00,(17) 222 03 59,sekretariat@ropczyce.sr.gov.pl,/SRRopczyce/SkrytkaESP
apelacja rzeszowska,okręg rzeszowski,SR,Sąd Rejonowy w Leżajsku,Mickiewicza 47 ,37-300,Leżajsk,(17) 240 53 00,(17) 240 53 13,sekretariat@lezajsk.sr.gov.pl,/12ud73fskj/SkrytkaESP
apelacja rzeszowska,okręg rzeszowski,SR,Sąd Rejonowy w Łańcucie,Grunwaldzka 10 ,37-100,Łańcut,"(17) 224 23 31, (17) 224 23 00",(17) 224 23 55,"boi@lancut.sr.gov.pl,  sekretariat@lancut.sr.gov.pl",/8c4m35phqo/SkrytkaESP
apelacja rzeszowska,okręg rzeszowski,SR,Sąd Rejonowy w Dębicy,Słoneczna 3,39-200,Dębica,(14) 680 76 70,(14) 680 76 27,boi@debica.sr.gov.pl,/SRDEBICA/SkrytkaESP
apelacja rzeszowska,okręg rzeszowski,SR,Sąd Rejonowy w Rzeszowie,Kustronia 4,35-303,Rzeszów,(17) 715 24 00,(17) 715 24 83,boi@rzeszow.sr.gov.pl,2oo7opt11p
apelacja rzeszowska,okręg rzeszowski,SR,Sąd Rejonowy w Strzyżowie,3 Maja 14,38-100,Strzyżów,(17) 276 81 00,(17) 276 8 144,sekretariat@strzyzow.sr.gov.pl,/SRStrzyzow/SkrytkaESP
apelacja rzeszowska,okręg tarnobrzeski,SO,Sąd Okręgowy w Tarnobrzegu,Sienkiewicza 27,39-400,Tarnobrzeg,(15) 688 25 17,(15) 822-97-56,boi@tarnobrzeg.so.gov.pl,/2362ctbhku/SkrytkaESP
apelacja rzeszowska,okręg tarnobrzeski,SR,Sąd Rejonowy w Nisku,Pl. Wolności 14,37-400,Nisko,(15) 841 20 48,(15) 841 28 45,administracja@nisko.sr.gov.pl,/SRNISKO/SkrytkaESP
apelacja rzeszowska,okręg tarnobrzeski,SR,Sąd Rejonowy w Mielcu,Kościuszki 15,39-300,Mielec,(17) 582 04 00,(17) 582 80 08,administracja@mielec.sr.gov.pl ,/331q6ydojp/SkrytkaESP
apelacja rzeszowska,okręg tarnobrzeski,SR,Sąd Rejonowy w Stalowej Woli,Popiełuszki 16,37-450,Stalowa Wola,"(15) 643 45 50, 643 45 51",(15) 643 46 76,administracja@stalowawola.sr.gov.pl,/srstalowawola/SkrytkaESP
apelacja rzeszowska,okręg tarnobrzeski,SR,Sąd Rejonowy w Tarnobrzegu,Sienkiewicza 27,39-400,Tarnobrzeg,(15) 688 25 15, (15) 688-26-78, boi@tarnobrzeg.sr.gov.pl,q84h18xghm
apelacja rzeszowska,okręg tarnobrzeski,SR,Sąd Rejonowy w Kolbuszowej,Tyszkiewiczów 4,36-100,Kolbuszowa,(17) 227 72 00,(17) 227-72-02,biuro.podawcze@kolbuszowa.sr.gov.pl,/SRKolbuszowa/SkrytkaESP
apelacja szczecińska,,SA,Sąd Apelacyjny w Szczecinie ,Mickiewicza 163 ,71-165,Szczecin,"(91) 484 94 87, 484 94 88",(91) 484 94 86,informacja@szczecin.sa.gov.pl,/m2d0kt35cs/SkrytkaESP
apelacja szczecińska,okręg szczeciński,SO,Sąd Okręgowy w Szczecinie,"Kaszubska 42 (wydział karny, karny odwoławczy, penitencjarny);           Małopolska 17 (wydział pracy i ubezpieczeń, gospodarczy, cywilny rodzinny);                                             Piotra Skargi 19 (wydział cywilny i cywilny odwoławczy).",70-227,Szczecin,"(91) 448 00 02 - ul. Kaszubska 42;             (91) 48 30 100 - ul. Małopolska 17; 
(91) 44 55 920 - ul. P. Skargi 19",(91) 448 99 15 - Kaszubska;    (91) 48-80-798 - Małopolska;   (91) 44-55-921- Skargi (wydział Cywilny);                              (91) 44-55-961 - Skargi (wydział cywilny odwoławczy) ,"boi@szczecin.so.gov.pl - ul. Kaszubska 42
boi2@szczecin.so.gov.pl - ul. Małopolska 17
boi3@szczecin.so.gov.pl - ul. P. Skargi 19",/0gdqs4s88x/skrytka
apelacja szczecińska,okręg szczeciński,SR,Sąd Rejonowy w Gryficach,Wysoka Brama 2,72-300,Gryfice,(91) 386 68 01,(91) 386 68 09,sr.gryfice@gryfice.sr.gov.pl,/SR_Gryfice/skrytka
apelacja szczecińska,okręg szczeciński,SR,Sąd Rejonowy Szczecin-Prawobrzeże i Zachód w Szczecinie,"Pl. Żołnierza Polskiego 16,         Korczaka 16 (wydziały zamiejscowe) ","70-551,                   72-010 ","Szczecin,                    Police","(91) 4603 533 - Szczecin,                       (91) 4316 826 (846) - Police XI Zam. Wydział Ksiąg Wieczystych,                    (91) 4316 821 - Police VII Zamiejscowy Wydział Karny",(91) 460 35 37,boi@szczecin-pz.sr.gov.pl,srszczecinpz/SkrytkaESP
apelacja szczecińska,okręg szczeciński,SR,Sąd Rejonowy Szczecin-Centrum w Szczecinie,Kaszubska 42,70-227,Szczecin,(91) 48 55 515,(91) 485 55 20,boi@szczecin-centrum.sr.gov.pl, /8ujs29jj4m/SkrytkaESP 
apelacja szczecińska,okręg szczeciński,SR,Sąd Rejonowy w Świnoujściu,Paderewskiego 6,72-600,Świnoujście,(91) 326 28 70,(91) 327 98 57,boi@swinoujscie.sr.gov.pl,/SR_Swinoujscie/SkrytkaESP
apelacja szczecińska,okręg szczeciński,SR,Sąd Rejonowy w Stargardzie,"Wojska Polskiego 17-19 (wydział rodzinny i nieletnich, pracy);         Stefana Okrzei 8 (wydzial cywilny, karny);
Staromiejska 3 Pyrzyce (wydział Kany, wydział ksiąg wieczystych)",73-110;                74-200 ,Stargard;                 Pyrzyce,"(91) 395 33 00 - ul. Wojska Polskiego 17-19; 
(91) 395 32 02 - ul. Okrzei 8
(91) 570 35 55 - wydział karny Pyrzyce
(91) 570 36 60 - wydział ksiąg wieczystych Pyrzyce",(91) 578 74 78,boi@stargard.sr.gov.pl,/q0kso17v6r/SkrytkaESP
apelacja szczecińska,okręg szczeciński,SR,Sąd Rejonowy w Myśliborzu,Niedziałkowskiego 6,74-300,Myslibórz,(95) 747 34 46,(95) 747 94 75,sr.mysliborz@mysliborz.sr.gov.pl,/f3273alqsn/skrytka
apelacja szczecińska,okręg szczeciński,SR,Sąd Rejonowy w Goleniowie,Konstytucji 3 Maja 45 (sprawy karne i pracy);                                                        Kilińskiego 8 (sprawy cywilne i rodzinne),72-100,Goleniów,(91) 480 76 46 - ul. Konstytucji 3 Maja; (91) 480 77 48 - ul. Kilińskiego,(91) 480 76 47,boi@goleniow.sr.gov.pl ,/qn5b4ax75i/skrytka
apelacja szczecińska,okręg szczeciński,SR,Sąd Rejonowy w Gryfinie,Grunwaldzka 2,74-100,Gryfino,(91) 420 03 07,(91) 420 03 02,informacja@gryfino.sr.gov.pl,/ky3brk813b/SkrytkaESP
apelacja szczecińska,okręg szczeciński,SR,Sąd Rejonowy w Łobzie,Niepodległości 15,73-150,Łobez,"(91) 397 06 31, (91) 397 47 74",(91) 397 06 32,katarzyna.sobipan@lobez.sr.gov.pl,/SR-Lobez/SkrytkaESP
apelacja szczecińska,okręg szczeciński,SR,Sąd Rejonowy w Kamieniu Pomorskim,Kościuszki 13,72-400,Kamień Pomorski,(91) 382 57 80,wycofany,sekretariat@kamien.sr.gov.pl,/SR/SkrytkaESP
apelacja szczecińska,okręg szczeciński,SR,Sąd Rejonowy w Choszcznie,Wolności 14,73-200,Choszczno,(95) 765 70 69,(95) 765 70 69 wew.13,sekretariat@choszczno.sr.gov.pl,/Srchoszczno/SkrytkaESP
apelacja szczecińska,okręg koszaliński,SO,Sąd Okręgowy w Koszalinie,Waryńskiego 7,75-541,Koszalin,"(94) 342 88 75, 342 88 73",wycofany,boi@koszalin.so.gov.pl,/95yt86nucy/SkrytkaESP
apelacja szczecińska,okręg koszaliński,SR,Sąd Rejonowy w Koszalinie,Andersa 34B,75-626,Koszalin,"(94) 317 02 21, 342 86 28",wycofany,informacja@koszalin.sr.gov.pl,/0uiceh288r/SkrytkaESP
apelacja szczecińska,okręg koszaliński,SR,Sąd Rejonowy w Kołobrzegu,Katedralna 13,78-100,Kołobrzeg,"(94) 357 51 37, (94) 357 51 42",(94) 352 26 20,poi@kolobrzeg.sr.gov.pl,/7789ntggwn/SkrytkaESP
apelacja szczecińska,okręg koszaliński,SR,Sąd Rejonowy w Wałczu,Sądowa 2,78-600,Wałcz,(67) 250 19 46,(67) 250 19 52,boi@walcz.sr.gov.pl,/SRWalcz/SkrytkaESP
apelacja szczecińska,okręg koszaliński,SR,Sąd Rejonowy w Białogardzie,Lipowa 1 ,78-200,Białogard,(94) 312 01 10,(94) 312 01 80,o.administracyjny@bialogard.sr.gov.pl,/SRBIALOGARD/SkrytkaESP
apelacja szczecińska,okręg koszaliński,SR,Sąd Rejonowy w Drawsku Pomorskim,Złocieniecka 5,78-500,Drawsko Pomorskie,(94) 363 64 60,(94) 363 64 61,poi@drawsko-pom.sr.gov.pl,/SRDRAWSKOPOM/SkrytkaESP   
apelacja szczecińska,okręg koszaliński,SR,Sąd Rejonowy w Szczecinku,Bohaterów Warszawy 42 (sprawy karne i rodzinne)                                   Jasna 3 (sprawy cywilne i pracy),78-400,Szczecinek,(94) 373 08 00,(94) 373 08 08,boi@szczecinek.sr.gov.pl, /v1t320rjf4/SkrytkaESP
apelacja szczecińska,okręg koszaliński,SR,Sąd Rejonowy w Sławnie,I Pułku Ułanów 20,76-100 ,Sławno,(59) 810 67 46,(59) 810 67 46,biuropodawcze@slawno.sr.gov.pl,SR_Slawno/skrytka
apelacja szczecińska,okręg gorzowski,SO,Sąd Okręgowy w Gorzowie Wielkopolskim,Mieszka I 33,66-400,Gorzów Wielkopolski,(95) 725 67 65 sprawy cywilne;          (95) 725 67 41 sprawy karne;                     (95) 725 67 67 sprawy pracy i ubezpieczeń społecznych,wycofany,boi@gorzow-wlkp.so.gov.pl,73o6ikn0x1/SkrytkaESP
apelacja szczecińska,okręg gorzowski,SR,Sąd Rejonowy w Gorzowie Wielkopolskim,Chopina 52 blok 10 i 15,66-400,Gorzów Wielkopolski,"(95) 725 65 04, 
(95) 725 65 01,  
(95) 725 65 03,
(95) 725 68 00, 
(95) 725 68 07 BOI Księgi Wieczyste",(95) 725 64 82,boi@gorzow-wlkp.sr.gov.pl,/SR_GorzowWlkp/SkrytkaESP
apelacja szczecińska,okręg gorzowski,SR,Sąd Rejonowy w Słubicach,Bohaterów Warszawy 3B,69-100,Słubice,(95) 750 70 03,(95) 750 01 35,sekretariat@slubice.sr.gov.pl,/g0a8m6q8ou/SkrytkaESP
apelacja szczecińska,okręg gorzowski,SR,Sąd Rejonowy w Strzelcach Krajeńskich,Rynek 2-3,66-500,Strzelce Krajeńskie,(95) 763 21 55,wycofany,informacja@strzelce-kraj.sr.gov.pl,/kn85e9m5lb/SkrytkaESP
apelacja szczecińska,okręg gorzowski,SR,Sąd Rejonowy w Sulęcinie,Kościuszki 30,69-200,Sulęcin,"(95) 755 48 24, 755 48 25, 755 48 26",wycofany,boi@sulecin.sr.gov.pl,/SRSulecin/SkrytkaESP
apelacja szczecińska,okręg gorzowski,SR,Sąd Rejonowy w Międzyrzeczu,Wojska Polskiego 1,66-300,Międzyrzecz,(95) 742 40 09,(95) 742 40 09,info@miedzyrzecz.sr.gov.pl,5ab3acx124
apelacja warszawska,,SA,Sąd Apelacyjny w Warszawie,"Pl.Krasińskich 2/4/6 (BOI dla wydziałów II, III,VIII);                                                  Inflancka 4c bud. D (BOI dla wydziałów I, V, VI, VII).","00-207 Pl. Krasińskich,                     00-189 Inflancka",Warszawa,"(22) 530 88 85 - PL. Krasińskich,           (22) 358-67-61 - Inflancka",wycofany,"boi@waw.sa.gov.pl, boiinflancka@waw.sa.gov.pl",/sawarszawa/skrytkaESP /sawarszawa/sprawozdania
apelacja warszawska,okręg warszawski,SO,Sąd Okręgowy w Warszawie,"al. ""Solidarności"" 127 (sprawy cywilne, karne, rodzinne oraz w sprawy dotyczące egzekucji alimentów z zagranicy);                                                  Płocka 9 (sprawy ubezpieczeń społecznych, pracy i  cywilne odwoławcze); 
Płocka 5a (sprawy rodzinne);                   Czerniakowska 100 (sprawy gospodarcze);
Przyokopowa 33 (sprawy cywilne dotyczące umów kredytu denominowanego lub indeksowanego do walut obcych).","00-898 al. Solidarności;     
01-231 ul. Płocka; 
00-454 Czerniakowska;
01-208 ul. Przyokopowa",Warszawa,"(22) 440 80 00 al. Solidarności;               (22) 440 50 00 ul. Płocka;                      (22) 440 07 27 ul. Czerniakowska
(22) 440 71 71 ul. Przyokopowa",wycofany,"boi@warszawa.so.gov.pl, boi.plocka@warszawa.so.gov.pl,    boi.gosp@warszawa.so.gov.pl",/pnt4k937dn/SkrytkaESP
apelacja warszawska,okręg warszawski,SR,Sąd Rejonowy dla miasta stołecznego Warszawy w Warszawie,"Marszałkowska 82 (dla wydziałów I, II, V, VI, VII);                               Czerniakowska 100 (dla wydziałów XI, XII, XIII, XIV);                        Czerniakowska 100 A (dla wydziałów VIII, IX, XV, XVI, XVII, XVIII, XIX).",00-517,Warszawa,(22) 553 97 71 Marszałkowska 82;       (22) 44 00 687 Czerniakowska 100;     (22) 33 41 388 Czerniakowska 100 A,wycofany,"boi_marszałkowska@warszawa.sr.gov.pl, boi_czerniakowska@warszawa.sr.gov.pl, boi_krsczerniakowska@warszawa.sr.gov.pl ",/SRmstwwa/SkrytkaESP
apelacja warszawska,okręg warszawski,SR,Sąd Rejonowy dla Warszawy-Śródmieścia w Warszawie,Marszałkowska 82,00-517,Warszawa,(22) 553 91 90,(22) 553 91 97,boi@warszawa-srodmiescie.sr.gov.pl,SRS_Warszawa/SkrytkaESP  
apelacja warszawska,okręg warszawski,SR,Sąd Rejonowy dla Warszawy-Żoliborza w Warszawie,Kocjana 3,01-473,Warszawa,(22) 328 60 30,wycofany,boi@warszawa-zoliborz.sr.gov.pl,/srzoliborz/SkrytkaESP
apelacja warszawska,okręg warszawski,SR,Sąd Rejonowy dla Warszawy-Mokotowa w Warszawie,"Ogrodowa 51 A (III, VIII, XIV Karny i XII Wykonywania Orzeczeń);
al. Solidarności 58 (VI, VII, IX, X, XIII Wydział Ksiąg Wieczystych);
Chłodna 64 (XV Wydział Ksiąg Wieczystych); 
Chałubińskiego 8 (I,II,XVI Wydział Cywilny, V Wydział Rodzinny i Nieletnich);    ","00-873 ul. Ogrodowa 51a, 00-240 al. Solidarności 58, 00-891 ul. Chłodna 64, 00-613 ul. Chałubińskiego",Warszawa,(22) 501 97 20 ul. Ogrodowa 51 A;        (22) 531 43 33 al. Solidarności 58;      (22) 531 43 08 ul. Chłodna 64;                (22) 539-14-00 ul. Chałubińskiego 8,wycofany, oaogrodowa@mokotow.sr.gov.pl ,/4msaa5s79d/SkrytkaESP
apelacja warszawska,okręg warszawski,SR,Sąd Rejonowy dla Warszawy-Woli w Warszawie,Kocjana 3 ,01-473 ,Warszawa,"(22) 328 60 20, 328 60 21, 328 60 22",wycofany,boi@warszawa-wola.sr.gov.pl,/3045cabgeb/skrytka
apelacja warszawska,okręg warszawski,SR,Sąd Rejonowy w Grodzisku Mazowieckim,"Bartniaka 21/23;                              Kościuszki 14 (I Wydział Cywilny
II Zespół Kuratorskiej Służby Sądowej dla Dorosłych).",05-825,Grodzisk Mazowiecki,(22) 77-09-200 sprawy sądowe;                            (22) 77-09-270 księgi wieczyste,wycofany,boi@grodzisk.sr.gov.pl;   ksiegi.wieczyste@grodzisk.sr.gov.pl,/srgm/SkrytkaESP
apelacja warszawska,okręg warszawski,SR,Sąd Rejonowy w Piasecznie,Kościuszki 14,05-500,Piaseczno,"(22) 703 78 97, 703 79 04",wycofany,boi@piaseczno.sr.gov.pl,/sr-piaseczno/SkrytkaESP
apelacja warszawska,okręg warszawski,SR,Sąd Rejonowy w Pruszkowie,Kraszewskiego 22,05-800,Pruszków,"(22) 7334 000,  (22) 7334 100,",wycofany,boi@pruszkow.sr.gov.pl ,28ccaj0k5q
apelacja warszawska,okręg warszawsko-praski,SO,Sąd Okręgowy Warszawa-Praga w Warszawie,Poligonowa 3,04-051,Warszawa,(22) 417 72 72,wycofany,"kontakt@warszawapraga.so.gov.pl 
","/sowawapraga/skrytka

/sowawapraga/SkrytkaESP"
apelacja warszawska,okręg warszawsko-praski,SR,Sąd Rejonowy w Legionowie,Sobieskiego 47,05-120,Legionowo,(22) 782 35 10,wycofany,administracja@legionowo.sr.gov.pl,/SRLegionowo/skrytka
apelacja warszawska,okręg warszawsko-praski,SR,Sąd Rejonowy w Nowym Dworze Mazowieckim,Słowackiego 19;                             Chemików 1b (IV Wydział Ksiąg Wieczystych).,05-100 ,Nowy Dwór Mazowiecki,"(22)  732 50 02 ul. Słowackiego 19 sprawy cywilne, karne, rodzinne i nieletnich;                                              (22) 775 31 23 ul. Chemików 1b sprawy wieczystoksięgowe",(22) 732 50 09,boi@nowydwormaz.sr.gov.pl,"
    /srnowydwormazowiecki/SkrytkaESP"
apelacja warszawska,okręg warszawsko-praski,SR,Sąd Rejonowy w Otwocku,Armii Krajowej 2,05-400,Otwock,(22) 778 20 50,wycofany,boi@otwock.sr.gov.pl,srotwock/SkrytkaESP
apelacja warszawska,okręg warszawsko-praski,SR,Sąd Rejonowy dla Warszawy Pragi-Południe w Warszawie ,Terespolska 15a,03-813,Warszawa,(22) 509 11 61,wycofany,boi2@warszawa-pragapoludnie.sr.gov.pl,/SRpragapoludnie/SkrytkaESP              /SRpragapoludnie/skrytka
apelacja warszawska,okręg warszawsko-praski,SR,Sąd Rejonowy dla Warszawy Pragi-Północ w Warszawie,Terespolska 15a,03-813,Warszawa,(22) 509 11 58,wycofany,boi@warszawapraga-pln.sr.gov.pl,/Sr_Praga_Polnoc/SkrytkaESP
apelacja warszawska,okręg warszawsko-praski,SR,Sąd Rejonowy w Wołominie,Prądzyńskiego 3A,05-200 ,Wołomin,(22) 776 21 44,wycofany,boi@wolomin.sr.gov.pl,/SRWOLOMIN/SkrytkaESP
apelacja wrocławska,,SA,Sąd Apelacyjny we Wrocławiu,Energetyczna 4,53-330 ,Wrocław,(71) 798 77 99 ,(71) 798 77 14 ,boi@wroclaw.sa.gov.pl,"/o9j29v1ipk/skrytka
/o9j29v1ipk/SkrytkaESP"
apelacja wrocławska,okręg jeleniogórski,SO,Sąd Okręgowy w Jeleniej Górze,Wojska Polskiego 56,58-500,Jelenia Góra,"(75) 641 52 51, 641 52 52",(75) 641 52 53,p.informacyjny@jelenia-gora.so.gov.pl ,/SOJG/SkrytkaESP
apelacja wrocławska,okręg jeleniogórski,SR,Sąd Rejonowy w Jeleniej Górze,Mickiewicza 21,58-500,Jelenia Góra,(75) 671 28 30,(75) 671 28 01,poi@jelenia-gora.sr.gov.pl,/SadRejonowyJeleniaGora/SkrytkaESP
apelacja wrocławska,okręg jeleniogórski,SR,Sąd Rejonowy w Lubaniu,Pl. 3 Maja 12,59-800,Lubań,(75) 646 46 21,(75) 646 46 11,p.informacyjny@luban.sr.gov.pl,/s3mm0tu04w/SkrytkaESP
apelacja wrocławska,okręg jeleniogórski,SR,Sąd Rejonowy w Lwówku Śląskim,"Jaśkiewicza 12 (wydział cywilny i karny);                                                    Al. Wojska Polskiego 7 (wydział rodzinny i nieletnich, ksiąg wieczystych)",59-600,Lwówek Śląski,(75) 646 94 50,(75) 646 94 80,adm@lwowekslaski.sr.gov.pl,/SR_LwowekSlaski/SkrytkaESP
apelacja wrocławska,okręg jeleniogórski,SR,Sąd Rejonowy w Zgorzelcu,"Poniatowskiego 2 (wydział karny);       Armii Krajowej 104 (wydział cywilny, rodzinny i nieletnich).",59-900,Zgorzelec,(75) 645 69 31,(75) 645 69 62,boi@zgorzelec.sr.gov.pl,/x4ocen7242/SkrytkaESP
apelacja wrocławska,okręg jeleniogórski,SR,Sąd Rejonowy w Kamiennej Górze,Wojska Polskiego 36,58-400,Kamienna Góra,(75) 671 24 01,(75) 67 12 495,bp@kamienna-gora.sr.gov.pl,/SRKG/SkrytkaESP
apelacja wrocławska,okręg jeleniogórski,SR,Sąd Rejonowy w Bolesławcu,Sądowa 1,59-700,Bolesławiec,(75) 64 69 500 lub 545;,(75) 64 69 534,boi@boleslawiec.sr.gov.pl,/02u33jbyqy/SkrytkaESP
apelacja wrocławska,okręg legnicki,SO,Sąd Okręgowy w Legnicy,Złotoryjska 40,59-220,Legnica,"(76) 754 51 60, (76) 75 45 000 ",(76) 754 50 99,boi@legnica.so.gov.pl,b7a275kjjq
apelacja wrocławska,okręg legnicki,SR,Sąd Rejonowy w Legnicy,"Złotoryjska 19 (wydział karny, gospodarczy);                                    Andersa 12-13 (wydział rodzinny i nieletnich, pracy i ubezpieczeń społecznych, ksiąg wieczystych); Kościuszki 1-3 (wydział cywilny).",59-220,Legnica,(76) 754 47 40,(76) 754 47 44,boi@legnica.sr.gov.pl,i73wh3gk36
apelacja wrocławska,okręg legnicki,SR,Sąd Rejonowy w Głogowie,Kutrzeby 2,67-200,Głogów,(76) 754 52 40,(76) 754 52 09,boi@glogow.sr.gov.pl,/032ipe9gl7/SkrytkaESP
apelacja wrocławska,okręg legnicki,SR,Sąd Rejonowy w Jaworze,Klasztorna 5,59-400,Jawor,(76) 754 40 01,(76) 870 28 85,sr.jawor@jawor.gov.pl,/xj133gvc0c/SkrytkaESP
apelacja wrocławska,okręg legnicki,SR,Sąd Rejonowy w Lubinie,Wrocławska 3,59-300,Lubin,(76) 754 42 10,(76) 754 42 11,boi@lubin.sr.gov.pl,/s43vhkr75s/skrytka
apelacja wrocławska,okręg legnicki,SR,Sąd Rejonowy w Złotoryi,Kolejowa 3,59-500,Złotoryja,(76) 745 90 10,(76) 745 90 02,k.kocuj@zlotoryja.sr.gov.pl,1k77vmu0qw
apelacja wrocławska,okręg opolski,SO,Sąd Okręgowy w Opolu,Pl. Daszyńskiego 1,45-064,Opole,"(77) 541 81 05, 541 81 90",(77) 541 81 09,boi@opole.so.gov.pl,/sadopole/SkrytkaESP
apelacja wrocławska,okręg opolski,SR,Sąd Rejonowy w Strzelcach Opolskich ,Opolska 11,47-100,Strzelce Opolskie,"(77) 463 11 87, 463 11 88",(77) 463 11 95,boi@strzelce.sr.gov.pl,/SRStrzelce_Opolskie/SkrytkaESP
apelacja wrocławska,okręg opolski,SR,Sąd Rejonowy w Kędzierzynie-Koźlu,Sądowa 6,47-200,Kędzierzyn-Koźle,(77) 405 30 01,(77) 405 30 02,podawcze@kozle.sr.gov.pl,/SRKK/SkrytkaESP
apelacja wrocławska,okręg opolski,SR,Sąd Rejonowy w Opolu,Ozimska 60a ,45-368 ,Opole,(77) 54 15 400 do 403,(77) 453 19 17,sr@opole.sr.gov.pl,/SROpole/SkrytkaESP
apelacja wrocławska,okręg opolski,SR,Sąd Rejonowy w Oleśnie ,Sądowa 3,46-300,Olesno,(34) 359 69 00,(34) 359 69 09,administracja@olesno.sr.gov.pl,/SR_Olesno/SkrytkaESP
apelacja wrocławska,okręg opolski,SR,Sąd Rejonowy w Kluczborku,Katowicka 2,46-200 ,Kluczbork,(77) 447 16 69,(77) 447 16 73,boi@kluczbork.sr.gov.pl,/SR_Kluczbork/SkrytkaESP
apelacja wrocławska,okręg opolski,SR,Sąd Rejonowy w Głubczycach,Kochanowskiego 1,48-100,Głubczyce,(77) 471 06 01,(77) 471 06 27,boi@glubczyce.sr.gov.pl,/SRGlubczyce/SkrytkaESP
apelacja wrocławska,okręg opolski,SR,Sąd Rejonowy w Nysie,Plac Kościelny 6,48-300,Nysa,(77) 448 35 00,(77) 448 35 99,boi@nysa.sr.gov.pl ,/srwnysie/SkrytkaESP
apelacja wrocławska,okręg opolski,SR,Sąd Rejonowy w Prudniku ,Kościuszki 5,48-200 ,Prudnik,(77) 443 86 03,(77) 443 86 02,boi@prudnik.sr.gov.pl,/SRPrudnik/SkrytkaESP
apelacja wrocławska,okręg opolski,SR,Sąd Rejonowy w Brzegu,Chrobrego 31,49-300 ,Brzeg,"(77) 444 23 31, 444 23 32",(77) 444 23 92,boi@brzeg.sr.gov.pl,/srbrzeg/SkrytkaESP
apelacja wrocławska,okręg świdnicki,SO,Sąd Okręgowy w Świdnicy,Pl. Grunwaldzki 14,58-100,Świdnica,(74) 851 83 50,(74) 851 82 70,boi@swidnica.so.gov.pl,hte5jp769p/SkrytkaESP
apelacja wrocławska,okręg świdnicki,SR,Sąd Rejonowy w Dzierżoniowie,Świdnicka 51,58-200,Dzierżoniów,(74) 633 41 00,(74) 633 41 90,informacja@dzierzoniow.sr.gov.pl,/89qpe74doo/SkrytkaESP
apelacja wrocławska,okręg świdnicki,SR,Sąd Rejonowy w Świdnicy ,Okulickiego 2-4,58-100,Świdnica,(74) 851 84 60,(74) 853 84 66,boi@swidnica.sr.gov.pl,/bt5xmm740j/SkrytkaESP
apelacja wrocławska,okręg świdnicki,SR,Sąd Rejonowy w Kłodzku,Bohaterów Getta 15,57-300,Kłodzko,(74) 865 13 17,(74) 865 13 01,biuro@klodzko.sr.gov.pl,/trockijozef/SkrytkaESP
apelacja wrocławska,okręg świdnicki,SR,Sąd Rejonowy w Wałbrzychu,"Słowackiego 10, 11, 11a (BOI)",58-300,Wałbrzych,"(74) 843 03 00, (74) 843 03 52",(74) 842 30 25,informacja@walbrzych.sr.gov.pl,/srw/skrytka
apelacja wrocławska,okręg świdnicki,SR,Sąd Rejonowy w Ząbkowicach Śląskich,Świerkowa 1,57-200,Ząbkowice Śląskie,(74) 816 51 00,(74) 816 51 31,administracja@zabkowice.sr.gov.pl,/SRZabkowice/SkrytkaESP
apelacja wrocławska,okręg wrocławski,SO,Sąd Okręgowy we Wrocławiu,Sądowa 1,50-046,Wrocław,(71) 74 82 000,(71) 344 49 59,punkt.informacyjny@wroclaw.so.gov.pl,/SOWroclaw/SkrytkaESP
apelacja wrocławska,okręg wrocławski,SR,Sąd Rejonowy w Wołowie,Reja 11,56-100,Wołów,(71) 756 61 49,(71) 756 61 37,biuro.podawcze@wolow.sr.gov.pl,/sr-wolow/SkrytkaESP
apelacja wrocławska,okręg wrocławski,SR,Sąd Rejonowy w Miliczu,Piłsudskiego 10,56-300,Milicz,(71) 749 90 00,(71) 749 90 02,biuro.podawcze@milicz.sr.gov.pl,/SRMilicz/SkrytkaESP
apelacja wrocławska,okręg wrocławski,SR,Sąd Rejonowy w Strzelinie,Bolka I Świdnickiego 7,57-100,Strzelin,(71) 749 91 00,(71) 749 91 03,biuro.podawcze@strzelin.sr.gov.pl,/sr-strzelin/SkrytkaESP
apelacja wrocławska,okręg wrocławski,SR,Sąd Rejonowy dla Wrocławia-Fabrycznej we Wrocławiu,"Świebodzka 5 (wydziały I, II, III, XI, XII, XIV, Biuro Podawcze,BOI);               Poznańska 16 (wydziały VI,VIII, IX, Biuro Podawcze, BOI);                                       Poznańska 20 (wydziały IV, V, VII, XV).
",50-046;              53-630;              53-630,Wrocław,(71) 748 90 48,(71) 748 90 49,boi@wroclaw-fabryczna.sr.gov.pl,/SRWROCLAWFABRYCZNA/SkrytkaESP
apelacja wrocławska,okręg wrocławski,SR,Sąd Rejonowy dla Wrocławia-Krzyków we Wrocławiu,"Podwale 30 (I,II Wydział Cywilny, V, VII Wydział Karny);                                           Joannitów 14 (III Wydział Rodzinny i Nieletnich, VI Wydział Cywilny);               Komandorska 16 (IV Wydział Ksiąg Wieczystych).",50-040;              50-525;            50-022 ,Wrocław,Podwale 30 (71) 74 96 300;                       Komandorska 16 (71) 74-96-520,(71) 749 63 16,boi@wroclaw-krzyki.sr.gov.pl,/SRWK/SkrytkaESP
apelacja wrocławska,okręg wrocławski,SR,Sąd Rejonowy dla Wrocławia-Śródmieścia we Wrocławiu,Podwale 30 ,50-040,Wrocław,(71) 74 81 000,(71) 748 11 29,boi@wroclaw-srodmiescie.sr.gov.pl,/SRWSR/SkrytkaESP
apelacja wrocławska,okręg wrocławski,SR,Sąd Rejonowy w Oławie,11 Listopada 12;                                        3 maja 26 (wydział ksiąg wieczystych),55-200,Oława,(71) 74 99 200;                                             ul. 3 maja 26 (71) 74 99 250 ,(71) 749 92 01,punkt.informacyjny@olawa.sr.gov.pl,/srola/SkrytkaESP
apelacja wrocławska,okręg wrocławski,SR,Sąd Rejonowy w Oleśnicy,3 Maja 48/49,56-400,Oleśnica,(71) 75 66 301,(71) 75 66 302,biuro.podawcze@olesnica.sr.gov.pl,"/sr_olesnica/skrytka  oraz  /sr_olesnica/skrytkaESP
"
apelacja wrocławska,okręg wrocławski,SR,Sąd Rejonowy w Trzebnicy,Parkowa  4,55-100,Trzebnica,(71) 756 62 86,(71) 756 62 00,boi@trzebnica.sr.gov.pl,/SRTrzebnica/SkrytkaESP
apelacja wrocławska,okręg wrocławski,SR,Sąd Rejonowy w Środzie Śląskiej,św. Andrzeja 3,55-300,Środa Śląska,(71) 396 02 48,(71) 396 02 28,boi@srodaslaska.sr.gov.pl,/SRSrodaSlaska/SkrytkaESP
,,,,,,,,,,
,,,,,,,,,,
,,,,,,,,,,
,,,,,,,,,,
,,,,,,,,,,
,,,,,,,,,,
,,,,,,,,,,
,,,,,,,,,,
,,,,,,,,,,
,,,,,,,,,,
,,,,,,,,,,
,,,,,,,,,,
,,,,,,,,,,
,,,,,,,,,,
,,,,,,,,,,
,,,,,,,,,,
,,,,,,,,,,
,,,,,,,,,,
,,,,,,,,,,
,,,,,,,,,,
,,,,,,,,,,
,,,,,,,,,,
,,,,,,,,,,
,,,,,,,,,,
,,,,,,,,,,
,,,,,,,,,,
,,,,,,,,,,
,,,,,,,,,,
,,,,,,,,,,
,,,,,,,,,,
,,,,,,,,,,
,,,,,,,,,,
,,,,,,,,,,
,,,,,,,,,,
,,,,,,,,,,
,,,,,,,,,,
,,,,,,,,,,
,,,,,,,,,,
,,,,,,,,,,
,,,,,,,,,,
,,,,,,,,,,
,,,,,,,,,,
,,,,,,,,,,
,,,,,,,,,,
,,,,,,,,,,
,,,,,,,,,,
,,,,,,,,,,
,,,,,,,,,,
,,,,,,,,,,
,,,,,,,,,,
,,,,,,,,,,
,,,,,,,,,,
,,,,,,,,,,
,,,,,,,,,,
,,,,,,,,,,
,,,,,,,,,,
,,,,,,,,,,
,,,,,,,,,,
,,,,,,,,,,
,,,,,,,,,,
,,,,,,,,,,
,,,,,,,,,,
,,,,,,,,,,
,,,,,,,,,,
,,,,,,,,,,
,,,,,,,,,,
,,,,,,,,,,
,,,,,,,,,,
,,,,,,,,,,
,,,,,,,,,,
,,,,,,,,,,
,,,,,,,,,,
,,,,,,,,,,
,,,,,,,,,,
,,,,,,,,,,
,,,,,,,,,,
,,,,,,,,,,
,,,,,,,,,,
,,,,,,,,,,
,,,,,,,,,,
,,,,,,,,,,
,,,,,,,,,,
,,,,,,,,,,
,,,,,,,,,,
,,,,,,,,,,
,,,,,,,,,,
,,,,,,,,,,
,,,,,,,,,,
,,,,,,,,,,
,,,,,,,,,,
,,,,,,,,,,
,,,,,,,,,,
,,,,,,,,,,
,,,,,,,,,,
,,,,,,,,,,
,,,,,,,,,,
,,,,,,,,,,
,,,,,,,,,,
,,,,,,,,,,
,,,,,,,,,,
,,,,,,,,,,
,,,,,,,,,,
,,,,,,,,,,
,,,,,,,,,,
,,,,,,,,,,
,,,,,,,,,,
,,,,,,,,,,
,,,,,,,,,,
,,,,,,,,,,
,,,,,,,,,,
,,,,,,,,,,
,,,,,,,,,,
,,,,,,,,,,
,,,,,,,,,,
,,,,,,,,,,
,,,,,,,,,,
,,,,,,,,,,
,,,,,,,,,,
,,,,,,,,,,
,,,,,,,,,,
,,,,,,,,,,
,,,,,,,,,,
,,,,,,,,,,
,,,,,,,,,,
,,,,,,,,,,
,,,,,,,,,,
,,,,,,,,,,
,,,,,,,,,,
,,,,,,,,,,
,,,,,,,,,,
,,,,,,,,,,
,,,,,,,,,,
,,,,,,,,,,
,,,,,,,,,,
,,,,,,,,,,
,,,,,,,,,,
,,,,,,,,,,
,,,,,,,,,,
,,,,,,,,,,
,,,,,,,,,,
,,,,,,,,,,
,,,,,,,,,,
,,,,,,,,,,
,,,,,,,,,,
,,,,,,,,,,
,,,,,,,,,,
,,,,,,,,,,
,,,,,,,,,,
,,,,,,,,,,
,,,,,,,,,,
,,,,,,,,,,
,,,,,,,,,,
